feature,importance,signed_value
categorical__customer_city_santa cruz de goias,3.740505658758123,3.740505658758123
categorical__customer_city_arace,2.9625775792436264,2.9625775792436264
categorical__seller_city_terra boa,2.789363809407943,2.789363809407943
categorical__customer_city_capela do alto,2.6367746868838675,2.6367746868838675
categorical__customer_city_senges,2.570984935019445,2.570984935019445
categorical__customer_city_japi,2.5670779011116953,2.5670779011116953
categorical__customer_city_sao joao de iracema,2.4837164165927645,2.4837164165927645
categorical__customer_city_mercedes,2.4726099062523987,2.4726099062523987
categorical__customer_city_vila pereira,2.471481981264411,2.471481981264411
categorical__customer_city_porteirinha,2.4459647276358387,2.4459647276358387
categorical__customer_city_central,2.4236634175964507,2.4236634175964507
categorical__seller_city_itajobi,2.402544101296168,2.402544101296168
categorical__customer_city_guinda,2.401351926861345,2.401351926861345
categorical__customer_city_senhora de oliveira,2.3877164365229477,2.3877164365229477
categorical__customer_city_machadinho,2.36333141714758,2.36333141714758
categorical__customer_city_sao pedro do iguacu,2.328315731647049,2.328315731647049
categorical__customer_city_santo amaro da imperatriz,2.3219012166500934,2.3219012166500934
categorical__customer_city_franco da rocha,2.3212804157407327,-2.3212804157407327
categorical__customer_city_oroco,2.298514091578726,2.298514091578726
categorical__customer_city_santa cruz de salinas,2.292714654172734,2.292714654172734
categorical__customer_city_raposo,2.286920144751235,2.286920144751235
categorical__customer_city_santa barbara do sul,2.280223424387878,2.280223424387878
categorical__customer_city_aripuana,2.2670534383687326,2.2670534383687326
categorical__customer_city_itatiba,2.2583374001865324,-2.2583374001865324
categorical__customer_city_buritama,2.2559881650952036,2.2559881650952036
categorical__customer_city_ajapi,2.246037309307633,2.246037309307633
categorical__customer_city_tiangua,2.243456163548292,2.243456163548292
categorical__customer_city_rubim,2.235908650607123,2.235908650607123
categorical__customer_city_chapada gaucha,2.234086411474232,2.234086411474232
categorical__customer_city_jesuania,2.201992072764593,2.201992072764593
categorical__customer_city_rechan,2.1951675987975188,2.1951675987975188
categorical__seller_city_congonhas,2.193634736657517,-2.193634736657517
categorical__customer_city_areia branca dos assis,2.1802423039054926,2.1802423039054926
categorical__customer_city_buritirama,2.1800913384194103,2.1800913384194103
categorical__customer_city_sao jose do ouro,2.125338058945814,2.125338058945814
categorical__customer_city_mandirituba,2.1095270185423094,2.1095270185423094
categorical__customer_city_chaveslandia,2.105926124403692,2.105926124403692
categorical__seller_city_tres de maio,2.0984795222593395,2.0984795222593395
categorical__customer_city_santa maria de itabira,2.0978463491381634,2.0978463491381634
categorical__customer_city_torrinha,2.0934603385559347,2.0934603385559347
categorical__customer_city_rosario do sul,2.0927916310265067,2.0927916310265067
categorical__customer_city_barras,2.0910119323623078,2.0910119323623078
categorical__customer_city_acarau,2.080598531968534,2.080598531968534
categorical__customer_city_vila nova do sul,2.077605834324623,2.077605834324623
categorical__customer_city_imaculada,2.067675207214104,2.067675207214104
categorical__customer_city_juranda,2.067652512648748,2.067652512648748
categorical__customer_city_alto sao joao,2.0615329968141305,2.0615329968141305
categorical__customer_city_capao do leao,2.0606374377878662,2.0606374377878662
categorical__customer_city_ourem,2.043902930678089,2.043902930678089
categorical__seller_city_santa maria da serra,2.0349780274507254,2.0349780274507254
categorical__customer_city_aramina,2.034093496488864,2.034093496488864
categorical__seller_city_gaspar,2.0330854256904254,2.0330854256904254
categorical__customer_city_boa vista do gurupi,2.033074172270702,2.033074172270702
categorical__customer_city_cambui,2.026522760352049,2.026522760352049
categorical__customer_city_sao fidelis,2.0160525559547855,-2.0160525559547855
categorical__seller_city_bento goncalves,2.0094108440688334,2.0094108440688334
categorical__customer_city_presidente venceslau,2.003510062867244,2.003510062867244
categorical__customer_city_ribeiro junqueira,2.002514024764481,2.002514024764481
categorical__customer_city_salto de pirapora,1.993286468565496,1.993286468565496
categorical__customer_city_aguas claras,1.991875050823947,1.991875050823947
categorical__seller_city_bady bassitt,1.9866332230587922,1.9866332230587922
categorical__seller_city_timoteo,1.9851096412948994,1.9851096412948994
categorical__customer_city_missal,1.977262449451874,1.977262449451874
categorical__customer_city_aruja,1.975723490239531,-1.975723490239531
categorical__customer_city_sao clemente,1.9613561787004523,1.9613561787004523
categorical__customer_city_uba,1.9577012161545493,1.9577012161545493
categorical__seller_city_teixeira soares,1.9524232919867308,1.9524232919867308
categorical__customer_city_nucleo residencial pilar,1.94563978973912,1.94563978973912
categorical__seller_city_formiga,1.9405164855830959,-1.9405164855830959
categorical__product_category_name_livros_importados,1.9386554949920922,-1.9386554949920922
categorical__seller_city_varginha,1.9368337196426144,-1.9368337196426144
categorical__customer_city_macaubas,1.9327553575175638,1.9327553575175638
categorical__customer_city_alvares florence,1.9312220218120228,1.9312220218120228
categorical__customer_city_armacao dos buzios,1.918395248524821,1.918395248524821
categorical__customer_city_carinhanha,1.9055592206822938,1.9055592206822938
categorical__customer_city_santa teresa,1.904136735533642,1.904136735533642
categorical__customer_city_cordeiro,1.8968158863563225,-1.8968158863563225
categorical__customer_city_sao francisco de assis,1.8940709055736933,1.8940709055736933
categorical__customer_city_vermelho novo,1.891669831542332,1.891669831542332
categorical__customer_city_iapu,1.8906148240087064,1.8906148240087064
categorical__customer_city_itaoca,1.886829197184661,1.886829197184661
categorical__customer_city_zacarias,1.8860251773623664,1.8860251773623664
categorical__customer_city_cerro largo,1.8832689810849996,1.8832689810849996
categorical__customer_city_biguacu,1.8823400508743802,1.8823400508743802
categorical__customer_city_quintana,1.8793511610022056,1.8793511610022056
categorical__customer_city_campo do tenente,1.8761038825274479,1.8761038825274479
categorical__customer_city_inhuma,1.8732692427876192,1.8732692427876192
categorical__seller_city_icara,1.8716306142427301,-1.8716306142427301
categorical__customer_city_itatiaiucu,1.8684127206381156,1.8684127206381156
categorical__customer_city_poco de pedra,1.8676141470042884,1.8676141470042884
categorical__customer_city_sao gabriel,1.8590563010630474,1.8590563010630474
categorical__customer_city_vista alegre do alto,1.8575532164696773,1.8575532164696773
categorical__customer_city_pedra,1.847352658529334,1.847352658529334
categorical__customer_city_corrente,1.8465105549980985,1.8465105549980985
categorical__seller_city_foz do iguacu,1.837263311817297,1.837263311817297
categorical__seller_city_betim,1.8283028525260052,-1.8283028525260052
categorical__customer_city_tiete,1.8251075644412655,1.8251075644412655
categorical__customer_city_campina da lagoa,1.8133978041684267,1.8133978041684267
categorical__customer_city_pescador,1.8131867580934724,1.8131867580934724
categorical__customer_city_conceicao da ibitipoca,1.8006308472505648,1.8006308472505648
categorical__customer_city_inaciolandia,1.7984938266875026,1.7984938266875026
categorical__customer_city_lauro muller,1.7929873602119535,1.7929873602119535
categorical__customer_city_tabatinga,1.786507617105334,1.786507617105334
categorical__customer_city_rio grande,1.7855171839720145,1.7855171839720145
categorical__customer_city_barrinha,1.7791821471100537,1.7791821471100537
categorical__customer_city_polo petroquimico de triunfo,1.777466364535633,1.777466364535633
categorical__customer_city_placas,1.7753766906742707,1.7753766906742707
categorical__customer_city_itaara,1.7727418154097376,1.7727418154097376
categorical__customer_city_salgado filho,1.7680513840246783,1.7680513840246783
categorical__customer_city_ubaira,1.7659044013623446,1.7659044013623446
categorical__customer_city_tapirai,1.7657400851702483,1.7657400851702483
categorical__customer_city_formosa do rio preto,1.7559959828342728,1.7559959828342728
categorical__customer_city_artur nogueira,1.7539803395044402,-1.7539803395044402
categorical__customer_city_sao mateus de minas,1.7480056536994704,1.7480056536994704
categorical__customer_city_ilha de itamaraca,1.7470620963174577,1.7470620963174577
categorical__customer_city_taquaracu de minas,1.7449997069358834,1.7449997069358834
categorical__customer_city_piranguinho,1.7369573768314466,1.7369573768314466
categorical__customer_city_salto do lontra,1.7350517811460142,1.7350517811460142
categorical__customer_city_rubineia,1.7339977353544582,1.7339977353544582
categorical__customer_city_ipaporanga,1.727222835021951,1.727222835021951
categorical__seller_city_vitoria,1.7251483733554172,1.7251483733554172
categorical__customer_city_igapora,1.725080810148087,1.725080810148087
categorical__customer_city_monte siao,1.723948786646078,1.723948786646078
categorical__customer_city_vila nelita,1.7236143410884512,1.7236143410884512
categorical__customer_city_teutonia,1.7118982479208333,1.7118982479208333
categorical__customer_city_cristina,1.7117923980455811,1.7117923980455811
categorical__customer_city_sede alvorada,1.710836324008551,1.710836324008551
categorical__customer_city_serra dos dourados,1.710248970263574,1.710248970263574
categorical__customer_city_esteio,1.709276922047926,1.709276922047926
categorical__customer_city_guaxupe,1.7083672119768616,1.7083672119768616
categorical__customer_city_charqueada,1.7060011282404932,1.7060011282404932
categorical__customer_city_sao joao da mata,1.7054334163826048,1.7054334163826048
categorical__customer_city_pio ix,1.7027608622357726,1.7027608622357726
categorical__seller_city_soledade,1.6974781591868031,1.6974781591868031
categorical__customer_city_madre de deus de minas,1.6972065807013539,1.6972065807013539
categorical__customer_city_corrego fundo,1.6927313798170702,1.6927313798170702
categorical__customer_city_chapada do norte,1.6880381861370137,1.6880381861370137
categorical__customer_city_ronda alta,1.6854125185908033,1.6854125185908033
categorical__customer_city_vargem grande do rio pardo,1.6827200613777675,1.6827200613777675
categorical__customer_city_fronteira,1.6782569952802968,1.6782569952802968
categorical__customer_city_trancoso,1.6764405166924632,1.6764405166924632
categorical__customer_city_jequeri,1.6676462541391952,1.6676462541391952
categorical__customer_city_apucarana,1.658278535884472,-1.658278535884472
categorical__customer_city_sao francisco de itabapoana,1.6536228741025498,-1.6536228741025498
categorical__customer_city_cajuru,1.6527014251110859,1.6527014251110859
categorical__customer_city_campo verde,1.6435536400777904,1.6435536400777904
categorical__customer_city_santa cruz da conceicao,1.6432973445707248,1.6432973445707248
categorical__customer_city_canoas,1.6372320466050232,1.6372320466050232
categorical__customer_city_diogo de vasconcelos,1.632998598926178,1.632998598926178
categorical__customer_city_catuipe,1.630107062029187,1.630107062029187
categorical__customer_city_bage,1.6292532330290053,1.6292532330290053
categorical__customer_city_doce grande,1.626496253155903,1.626496253155903
categorical__customer_city_santa fe,1.6257062859470424,1.6257062859470424
categorical__seller_city_balneario camboriu,1.6223513639742086,1.6223513639742086
categorical__seller_city_arraial d'ajuda (porto seguro),1.6211473109858114,1.6211473109858114
categorical__customer_city_sao sebastiao de campos,1.6210184424278087,1.6210184424278087
categorical__customer_city_porto seguro,1.618398449026012,1.618398449026012
categorical__customer_city_embu-guacu,1.6178740310918358,-1.6178740310918358
categorical__customer_city_passos,1.6162740200555534,-1.6162740200555534
categorical__customer_city_capinzal do norte,1.6158727642126685,1.6158727642126685
categorical__customer_city_miguel calmon,1.6155288512830193,1.6155288512830193
categorical__customer_city_cerqueira cesar,1.6146881337407653,1.6146881337407653
categorical__seller_city_varzea paulista,1.6139524657835744,-1.6139524657835744
categorical__customer_city_costa rica,1.6125602741020355,1.6125602741020355
categorical__customer_city_sitio novo do tocantins,1.6094853940071403,1.6094853940071403
categorical__customer_city_alto araguaia,1.608165702358784,1.608165702358784
categorical__customer_city_bernardino de campos,1.6080938060831282,1.6080938060831282
categorical__customer_city_adhemar de barros,1.607690467665677,1.607690467665677
categorical__customer_city_arroio grande,1.6070597033659184,1.6070597033659184
categorical__customer_city_oliveira,1.6068109340491805,1.6068109340491805
categorical__customer_city_dracena,1.6042591197772182,1.6042591197772182
categorical__customer_city_lucas do rio verde,1.602194747052239,1.602194747052239
categorical__customer_city_conde,1.6020429252142934,1.6020429252142934
categorical__customer_city_mendonca,1.6017426289151402,1.6017426289151402
categorical__customer_city_bom repouso,1.6017395274022224,1.6017395274022224
categorical__customer_city_serrania,1.6016108681612693,1.6016108681612693
categorical__customer_city_sao joao evangelista,1.5960860820038745,1.5960860820038745
categorical__customer_city_hortolandia,1.5947734815265369,1.5947734815265369
categorical__customer_city_jacigua,1.5849044148582412,1.5849044148582412
categorical__customer_city_sao jose da laje,1.5844240949871273,1.5844240949871273
categorical__customer_city_maioba,1.5841770795997543,1.5841770795997543
categorical__customer_city_barra do turvo,1.584037406265325,1.584037406265325
categorical__customer_city_rafard,1.5831094933585341,1.5831094933585341
categorical__customer_city_rio tinto,1.5789425181147863,1.5789425181147863
categorical__seller_city_congonhal,1.5787772089461447,1.5787772089461447
categorical__seller_city_centro,1.5737730046442682,1.5737730046442682
categorical__customer_city_viamao,1.5734112714451327,1.5734112714451327
categorical__customer_city_pacotuba,1.5705238762697054,1.5705238762697054
categorical__customer_city_apora,1.5641175655293869,1.5641175655293869
categorical__customer_city_leoberto leal,1.5639679173806085,1.5639679173806085
categorical__seller_city_goiania,1.5624537283480242,1.5624537283480242
categorical__customer_city_nao-me-toque,1.561443220510625,1.561443220510625
categorical__seller_city_catanduva,1.558060826615845,-1.558060826615845
categorical__customer_city_piedade,1.5577048963597602,1.5577048963597602
categorical__customer_city_coxilha,1.5568183460710052,1.5568183460710052
categorical__customer_city_sananduva,1.5520359804553248,1.5520359804553248
categorical__customer_city_santo augusto,1.5505905824857154,1.5505905824857154
categorical__customer_city_padre bernardo,1.5495971419252124,1.5495971419252124
categorical__customer_city_campanha,1.5471615241178165,1.5471615241178165
categorical__customer_city_lagoa grande,1.546779317173757,1.546779317173757
categorical__customer_city_extrema,1.5458930421531007,-1.5458930421531007
categorical__customer_city_montadas,1.5447460173317447,1.5447460173317447
categorical__customer_city_cidade gaucha,1.5434518884424246,1.5434518884424246
categorical__customer_city_edeia,1.5417304932400957,1.5417304932400957
categorical__customer_city_sapucaia do sul,1.5388465247176073,1.5388465247176073
categorical__customer_city_cacule,1.5386344213249155,1.5386344213249155
categorical__customer_city_pilar,1.5335080452598477,1.5335080452598477
categorical__customer_city_currais novos,1.528967139955226,1.528967139955226
categorical__customer_city_concordia,1.5280173679970908,1.5280173679970908
categorical__customer_city_lagoa,1.5268121425054455,1.5268121425054455
categorical__seller_city_santana de parnaiba,1.5218817707079395,1.5218817707079395
categorical__customer_city_holambra ii,1.5175758875746193,1.5175758875746193
categorical__customer_city_porto alegre,1.51754160301168,1.51754160301168
categorical__customer_city_assai,1.5171940676164841,1.5171940676164841
categorical__seller_city_sete lagoas,1.5169961187552272,-1.5169961187552272
categorical__customer_city_santa ines,1.5114285984992808,1.5114285984992808
categorical__customer_city_campo alegre,1.5053118563450518,1.5053118563450518
categorical__customer_city_felicio dos santos,1.5051731312130152,1.5051731312130152
categorical__customer_city_matao,1.5043739526904005,-1.5043739526904005
categorical__customer_city_antonio pereira,1.4992018320590619,1.4992018320590619
categorical__customer_city_jandaia do sul,1.4976270623341308,1.4976270623341308
categorical__customer_city_bertioga,1.4968260814090932,1.4968260814090932
categorical__customer_city_vicosa do ceara,1.4944317889960688,1.4944317889960688
categorical__customer_city_colonia vitoria,1.4936815100074106,1.4936815100074106
categorical__customer_city_tupancireta,1.4935741452754925,1.4935741452754925
categorical__customer_city_nova venecia,1.4930969577034847,-1.4930969577034847
categorical__seller_city_viamao,1.4911651707697806,-1.4911651707697806
categorical__seller_city_carazinho,1.4891941660016266,-1.4891941660016266
categorical__customer_city_gouveia,1.487260190151824,1.487260190151824
categorical__customer_city_lavras,1.4867775743957674,1.4867775743957674
categorical__customer_city_carpina,1.4856522189181098,1.4856522189181098
categorical__customer_city_crato,1.4851053167513095,-1.4851053167513095
categorical__customer_city_vera cruz,1.47919247550389,1.47919247550389
categorical__customer_city_timbo,1.4782334458567854,1.4782334458567854
categorical__customer_city_igaci,1.4779995861109114,1.4779995861109114
categorical__customer_city_gurupi,1.4769740094092465,-1.4769740094092465
categorical__customer_city_nova redencao,1.4764698913114374,1.4764698913114374
categorical__customer_city_araquari,1.4763680518546105,1.4763680518546105
categorical__customer_city_santarem,1.475182829390187,1.475182829390187
categorical__customer_city_ingai,1.4728558712153932,1.4728558712153932
categorical__customer_city_coxim,1.4727813919591604,1.4727813919591604
categorical__customer_city_pinhalzinho,1.4725471080381074,1.4725471080381074
categorical__customer_city_cianorte,1.4724145707758312,-1.4724145707758312
categorical__customer_city_ibirite,1.4710890569782338,-1.4710890569782338
categorical__customer_city_pinhao,1.4708621496343324,1.4708621496343324
categorical__customer_city_sombrio,1.4670710143858419,1.4670710143858419
categorical__customer_city_lagoa salgada,1.4660202026398623,1.4660202026398623
categorical__customer_city_fragosos,1.4657468623844847,1.4657468623844847
categorical__customer_city_santa rita do sapucai,1.4646884051722902,1.4646884051722902
categorical__customer_city_santo antonio do descoberto,1.4646483528576248,1.4646483528576248
categorical__customer_city_jacareacanga,1.4622922452863194,1.4622922452863194
categorical__customer_city_porto real,1.4619318145489515,1.4619318145489515
categorical__customer_city_pirai,1.459898859019105,1.459898859019105
categorical__customer_city_extremoz,1.4598146257009228,1.4598146257009228
categorical__customer_city_jacuipe,1.4566455079472045,1.4566455079472045
categorical__customer_city_america dourada,1.4563057284778025,1.4563057284778025
categorical__customer_city_cruz das almas,1.4533411448089895,-1.4533411448089895
categorical__customer_city_miracema,1.4532964613456938,-1.4532964613456938
categorical__customer_city_itaqui,1.4470784619262618,1.4470784619262618
categorical__customer_city_iracema,1.4466484833099549,1.4466484833099549
categorical__customer_city_glaura,1.4428653697676999,1.4428653697676999
categorical__customer_city_piedade do rio grande,1.4416886982163302,1.4416886982163302
categorical__customer_city_campo alegre de goias,1.4377429348938133,1.4377429348938133
categorical__customer_city_coronel fabriciano,1.4372952114728637,-1.4372952114728637
categorical__customer_city_lagoa dourada,1.4361514441546928,1.4361514441546928
categorical__customer_city_sao joao de pirabas,1.4357210835044956,1.4357210835044956
categorical__seller_city_mamanguape,1.434275865978684,1.434275865978684
categorical__customer_city_santo cristo,1.4340947067020529,1.4340947067020529
categorical__customer_city_morungaba,1.4305111198346594,1.4305111198346594
categorical__customer_city_martins soares,1.4295356573106928,1.4295356573106928
categorical__customer_city_porto esperidiao,1.428512276775984,1.428512276775984
categorical__customer_city_maceio,1.4273882537730223,1.4273882537730223
categorical__customer_city_ico,1.4271019815903776,1.4271019815903776
categorical__customer_city_urutai,1.4263006703079752,1.4263006703079752
categorical__customer_city_analandia,1.4258682851894267,1.4258682851894267
categorical__customer_city_mococa,1.419320727425521,-1.419320727425521
categorical__customer_city_resende costa,1.4183790588023197,1.4183790588023197
categorical__customer_city_boa viagem,1.416472940617372,1.416472940617372
categorical__customer_city_macambira,1.4118417165743018,1.4118417165743018
categorical__customer_city_santo antonio do jacinto,1.4115475216258735,1.4115475216258735
categorical__customer_city_mombuca,1.41127706562504,1.41127706562504
categorical__customer_city_teresina,1.410168128919148,1.410168128919148
categorical__customer_city_humildes,1.4071452663140045,1.4071452663140045
categorical__customer_city_dias d'avila,1.4050048055776603,-1.4050048055776603
categorical__customer_city_caetite,1.404731998140018,-1.404731998140018
categorical__customer_city_palmeira,1.4040807595828422,1.4040807595828422
categorical__customer_city_rainha do mar,1.404011235318415,1.404011235318415
categorical__seller_city_xanxere,1.3958977432873356,1.3958977432873356
categorical__customer_city_duas barras,1.3903125993538823,1.3903125993538823
categorical__customer_city_jatauba,1.3898568317992102,1.3898568317992102
categorical__customer_city_sao joaquim da barra,1.3827672761709913,1.3827672761709913
categorical__customer_city_uaua,1.382578393640361,1.382578393640361
categorical__customer_city_sao sebastiao da grama,1.3813552978815185,1.3813552978815185
categorical__customer_city_manoel ribas,1.3793200316513528,1.3793200316513528
categorical__customer_city_telemaco borba,1.378963782612775,-1.378963782612775
categorical__customer_city_seropedica,1.3789158322173203,-1.3789158322173203
categorical__customer_city_pugmil,1.378636968632513,1.378636968632513
categorical__customer_city_primavera,1.3772163572627274,1.3772163572627274
categorical__customer_city_senhor do bonfim,1.3771884953453262,-1.3771884953453262
categorical__customer_city_sao mateus do sul,1.3769966609938715,1.3769966609938715
categorical__customer_city_salgueiro,1.3751573478904793,-1.3751573478904793
categorical__customer_city_vila nova,1.370459732891723,1.370459732891723
categorical__customer_city_penapolis,1.3698442446839367,-1.3698442446839367
categorical__customer_city_itariri,1.3692375135788646,1.3692375135788646
categorical__customer_city_atilio vivacqua,1.3687162321547774,1.3687162321547774
categorical__customer_city_ibimirim,1.3678496489348684,1.3678496489348684
categorical__customer_city_andradina,1.3660701224231253,-1.3660701224231253
categorical__seller_city_navegantes,1.3652060697539674,-1.3652060697539674
categorical__customer_city_dois irmaos,1.365188090051602,1.365188090051602
categorical__seller_city_mombuca,1.3639382714073949,1.3639382714073949
categorical__customer_city_redencao,1.3631539624864146,1.3631539624864146
categorical__seller_city_criciuma,1.3627417989608763,1.3627417989608763
categorical__customer_city_indaial,1.3601065825679266,-1.3601065825679266
categorical__customer_city_itaperucu,1.360082897229979,1.360082897229979
categorical__customer_city_piratuba,1.359232716497986,1.359232716497986
categorical__seller_city_natal,1.3576550076900566,1.3576550076900566
categorical__seller_city_joao pinheiro,1.3545302533116461,1.3545302533116461
categorical__customer_city_uruguaiana,1.3537410775810212,-1.3537410775810212
categorical__customer_city_americo brasiliense,1.3519608019303446,1.3519608019303446
categorical__customer_city_parana,1.3518832903400493,1.3518832903400493
categorical__customer_city_cumaru,1.349317629696332,1.349317629696332
categorical__customer_city_nova erechim,1.349148481777973,1.349148481777973
categorical__customer_city_glicerio,1.3485953495985645,1.3485953495985645
categorical__customer_city_brejolandia,1.3474597047305281,1.3474597047305281
categorical__seller_city_extrema,1.3455513964855785,1.3455513964855785
categorical__seller_city_balenario camboriu,1.345284136860966,1.345284136860966
categorical__customer_city_ceu azul,1.3450070136657446,1.3450070136657446
categorical__customer_city_gilbues,1.3442914291757582,1.3442914291757582
categorical__customer_city_itapui,1.3441671689425685,1.3441671689425685
categorical__customer_city_sao leopoldo,1.3420899435928968,1.3420899435928968
categorical__customer_city_ubajara,1.3416831198986752,1.3416831198986752
categorical__customer_city_cerquilho,1.3411611681634243,1.3411611681634243
categorical__customer_city_xangri-la,1.3385590085511958,1.3385590085511958
categorical__seller_city_ponta grossa,1.3379943505942282,-1.3379943505942282
categorical__customer_city_campo largo,1.3373953838876955,-1.3373953838876955
categorical__customer_city_campinapolis,1.3367578416663866,1.3367578416663866
categorical__customer_city_ipuiuna,1.3353071500386435,1.3353071500386435
categorical__customer_city_getulio vargas,1.3351694306523005,1.3351694306523005
categorical__customer_city_santo angelo,1.3348896396809853,-1.3348896396809853
categorical__seller_city_conchal,1.3292118266837707,-1.3292118266837707
categorical__customer_city_barra do tarrachil,1.3288436013208555,1.3288436013208555
categorical__customer_city_muzambinho,1.3247779173555325,1.3247779173555325
categorical__customer_city_vere,1.3245929862053942,1.3245929862053942
categorical__customer_city_rodolfo fernandes,1.3229903482582368,1.3229903482582368
categorical__customer_city_gramado,1.322659548730524,-1.322659548730524
categorical__seller_city_braco do norte,1.3224959002056067,-1.3224959002056067
categorical__customer_city_santa terezinha,1.3223077884032526,1.3223077884032526
categorical__customer_city_rio negro,1.3213416046008042,1.3213416046008042
categorical__customer_city_cruz alta,1.320508372531862,-1.320508372531862
categorical__customer_city_campos belos,1.3201382112411677,1.3201382112411677
categorical__customer_city_ji-parana,1.3197134203626242,1.3197134203626242
categorical__seller_city_sao  paulo,1.3192833319755177,1.3192833319755177
categorical__seller_city_marechal candido rondon,1.3186265718561072,1.3186265718561072
categorical__customer_city_pocrane,1.3181356573900525,1.3181356573900525
categorical__customer_city_concordia do para,1.3148698566469257,1.3148698566469257
categorical__customer_city_ijui,1.3144858314570493,-1.3144858314570493
categorical__customer_state_MG,1.3133460515575166,-1.3133460515575166
categorical__customer_city_bofete,1.310482044885759,1.310482044885759
categorical__customer_city_corumba,1.3079727288863867,1.3079727288863867
categorical__customer_city_orlandia,1.3078451477878068,-1.3078451477878068
categorical__customer_city_xanxere,1.3065538195501225,-1.3065538195501225
categorical__customer_city_caete,1.3044938982464764,1.3044938982464764
categorical__customer_city_carius,1.3038185541456815,1.3038185541456815
categorical__customer_city_mafra,1.3033695033222603,-1.3033695033222603
categorical__seller_city_cornelio procopio,1.3021849523909899,-1.3021849523909899
categorical__customer_city_guaiba,1.3012945184626683,1.3012945184626683
categorical__customer_city_mateus leme,1.3006324090028576,1.3006324090028576
categorical__customer_city_bom despacho,1.300386701843046,-1.300386701843046
categorical__customer_city_tabuleiro do norte,1.300332397390535,1.300332397390535
categorical__customer_city_santaluz,1.298493858173261,1.298493858173261
categorical__customer_city_tres coracoes,1.2948965336298215,1.2948965336298215
categorical__customer_city_grao mogol,1.291272094038013,1.291272094038013
categorical__customer_city_laurentino,1.2901992915055598,1.2901992915055598
categorical__seller_city_mogi das cruses,1.2895444803982061,-1.2895444803982061
categorical__customer_city_boa vista,1.289220214412724,1.289220214412724
categorical__customer_city_sao jose,1.288601876305609,1.288601876305609
categorical__customer_city_almirante tamandare,1.2884674425926876,-1.2884674425926876
categorical__seller_city_mandirituba,1.2882237565926964,-1.2882237565926964
categorical__customer_city_santa isabel,1.2870749312954597,-1.2870749312954597
categorical__seller_city_marica,1.2843348857809753,1.2843348857809753
categorical__customer_city_feliz,1.284096065813178,1.284096065813178
categorical__customer_city_balneario picarras,1.2809416504385887,1.2809416504385887
categorical__seller_city_claudio,1.2785510499462915,1.2785510499462915
categorical__customer_city_caceres,1.2781687480122865,1.2781687480122865
categorical__seller_city_guaruja,1.275016474193966,1.275016474193966
categorical__customer_city_paraipaba,1.2728858947064152,1.2728858947064152
categorical__customer_city_tres marias,1.2727553542250618,1.2727553542250618
categorical__customer_city_tucurui,1.2726833633403554,-1.2726833633403554
categorical__customer_city_patrocinio do muriae,1.2726666029896792,1.2726666029896792
categorical__customer_state_AP,1.2725184921146038,1.2725184921146038
categorical__customer_city_tururu,1.2721985750558862,1.2721985750558862
categorical__customer_city_ibia,1.2721701015965374,1.2721701015965374
categorical__customer_city_dom macedo costa,1.2721207179359024,1.2721207179359024
categorical__customer_city_sao jose do vale do rio preto,1.2707104710433794,-1.2707104710433794
categorical__customer_city_quijingue,1.270301982452192,1.270301982452192
categorical__customer_city_mara rosa,1.2696788082716521,1.2696788082716521
categorical__customer_city_itapetinga,1.2681993361271697,-1.2681993361271697
categorical__customer_city_silvania,1.2671470320791403,1.2671470320791403
categorical__customer_city_holambra,1.266962611030432,-1.266962611030432
categorical__customer_city_venancio aires,1.2667904010689877,-1.2667904010689877
categorical__customer_city_ribeira do pombal,1.2664899966308762,1.2664899966308762
categorical__customer_city_icara,1.2656810462564045,1.2656810462564045
categorical__customer_city_porto velho,1.2618520794649006,1.2618520794649006
categorical__customer_city_areal,1.2595622419748445,-1.2595622419748445
categorical__customer_city_cocal,1.2591957911333782,1.2591957911333782
categorical__customer_city_primavera do leste,1.2584847042546592,-1.2584847042546592
categorical__customer_city_sao lourenco da mata,1.2582537540157877,1.2582537540157877
categorical__seller_city_lagoa da prata,1.2569999470905457,-1.2569999470905457
categorical__seller_city_coxim,1.2561384353588836,1.2561384353588836
categorical__customer_city_alegrete,1.255307610548039,-1.255307610548039
categorical__customer_state_PR,1.2533593591160048,-1.2533593591160048
categorical__seller_city_campo grande,1.2533264878266512,-1.2533264878266512
categorical__customer_city_sao joao d'alianca,1.252474975528806,1.252474975528806
categorical__customer_city_espumoso,1.2507473994717564,1.2507473994717564
categorical__customer_city_piripa,1.2502196290207168,1.2502196290207168
categorical__customer_city_santa cruz do rio pardo,1.249145008776731,-1.249145008776731
categorical__customer_city_tocantinopolis,1.248587995770434,1.248587995770434
categorical__customer_city_capivari,1.2477853215895303,-1.2477853215895303
categorical__customer_city_floriano,1.2474233564789698,1.2474233564789698
categorical__customer_city_pedra preta,1.2459285451332391,1.2459285451332391
categorical__customer_city_santa quiteria do maranhao,1.2438369426682343,1.2438369426682343
categorical__customer_city_cunha pora,1.2435662205742026,1.2435662205742026
categorical__customer_city_goianira,1.2431600295741556,1.2431600295741556
categorical__customer_city_tremembe,1.2421576612786764,1.2421576612786764
categorical__customer_city_braco do norte,1.2406583219683966,-1.2406583219683966
categorical__customer_city_miranorte,1.2387452918297244,1.2387452918297244
categorical__customer_city_chapeco,1.2374251346946623,1.2374251346946623
categorical__customer_city_guaramirim,1.2331945754850178,-1.2331945754850178
categorical__customer_city_serrita,1.2321930471906384,1.2321930471906384
categorical__seller_city_ouro preto,1.2321602022784999,-1.2321602022784999
categorical__customer_city_monte verde,1.2318878503595385,1.2318878503595385
categorical__customer_city_arneiroz,1.2318387673760556,1.2318387673760556
categorical__customer_state_RR,1.2316772519926673,1.2316772519926673
categorical__customer_city_itapolis,1.2314895650545308,1.2314895650545308
categorical__seller_city_concordia,1.230376163619907,-1.230376163619907
categorical__customer_city_conceicao de macabu,1.2295152181964353,-1.2295152181964353
categorical__customer_city_queixada,1.2293369762933692,1.2293369762933692
categorical__customer_city_pontalinda,1.2290012979757596,1.2290012979757596
categorical__customer_city_candido mota,1.2283268591398164,1.2283268591398164
categorical__customer_city_ocara,1.2261303056274246,1.2261303056274246
categorical__customer_city_cataguases,1.2252542070384513,-1.2252542070384513
categorical__customer_city_carmo,1.225117381058174,1.225117381058174
categorical__seller_city_mage,1.223928566713229,-1.223928566713229
categorical__customer_city_serrana,1.2233660992727413,1.2233660992727413
categorical__customer_city_lima duarte,1.221141256332215,1.221141256332215
categorical__customer_city_fazenda rio grande,1.217167679285829,-1.217167679285829
categorical__customer_city_paranagua,1.2167844255040212,1.2167844255040212
categorical__customer_city_morada nova,1.216054211178966,-1.216054211178966
categorical__customer_city_presidente dutra,1.2149447892434124,1.2149447892434124
categorical__seller_city_boituva,1.2147415145827907,-1.2147415145827907
categorical__customer_city_mendes,1.2140623358316345,-1.2140623358316345
categorical__customer_city_santa barbara,1.213459889945572,1.213459889945572
categorical__customer_city_pariquera-acu,1.2113861759917328,1.2113861759917328
categorical__customer_city_fortuna,1.2085699678760926,1.2085699678760926
categorical__customer_city_senador pompeu,1.208321468344565,1.208321468344565
categorical__customer_city_catu,1.2069370820025558,1.2069370820025558
categorical__customer_city_palhoca,1.2059616871015044,1.2059616871015044
categorical__customer_city_teixeiras,1.2056475774113544,1.2056475774113544
categorical__customer_city_parnaiba,1.2048852131826744,-1.2048852131826744
categorical__customer_city_chapada dos guimaraes,1.2038246956419578,1.2038246956419578
categorical__customer_city_santa rosa do sul,1.200333390718971,1.200333390718971
categorical__customer_city_arapongas,1.199569347940454,1.199569347940454
categorical__customer_city_simao dias,1.1986220984432914,-1.1986220984432914
categorical__customer_city_sao jose da coroa grande,1.1986166526307491,1.1986166526307491
categorical__seller_city_colorado,1.1980066792661026,1.1980066792661026
categorical__customer_city_ipojuca,1.197927718271346,1.197927718271346
categorical__customer_city_capao da canoa,1.1967648296148916,-1.1967648296148916
categorical__customer_city_campo limpo paulista,1.1942447005374606,1.1942447005374606
categorical__customer_city_quissama,1.1941813774088277,-1.1941813774088277
categorical__customer_city_itauba,1.192741725062579,1.192741725062579
categorical__customer_city_forquilhinha,1.1925163380942776,1.1925163380942776
categorical__customer_city_canavieiras,1.1924078115986114,-1.1924078115986114
categorical__customer_city_ze doca,1.1909526848045635,1.1909526848045635
categorical__seller_city_ubatuba,1.1908766454680553,-1.1908766454680553
categorical__customer_city_machado,1.1906039580089909,1.1906039580089909
categorical__seller_city_fernando prestes,1.1898096613077365,1.1898096613077365
categorical__seller_city_itajai,1.1888217679674606,-1.1888217679674606
categorical__customer_city_itupeva,1.187757158130251,1.187757158130251
categorical__customer_city_frutal,1.186525220253988,-1.186525220253988
categorical__customer_city_virgem da lapa,1.1864518447457144,1.1864518447457144
categorical__customer_city_escada,1.1842564439773922,1.1842564439773922
categorical__customer_city_campo bom,1.1830407287778506,-1.1830407287778506
categorical__customer_city_ipueira,1.1822142182539668,1.1822142182539668
categorical__customer_city_monte belo,1.1806347963540178,1.1806347963540178
categorical__customer_state_PA,1.1796785957978533,1.1796785957978533
categorical__customer_city_alvorada,1.1783432671934801,1.1783432671934801
categorical__seller_city_jales,1.1776076523355503,1.1776076523355503
categorical__seller_city_castro,1.1768769784645472,-1.1768769784645472
categorical__customer_city_general salgado,1.1766195229944403,1.1766195229944403
categorical__customer_city_caraguatatuba,1.1740548406349096,1.1740548406349096
categorical__seller_city_sao bento do sul,1.1727501873740749,1.1727501873740749
categorical__seller_city_guanambi,1.171544579457941,-1.171544579457941
categorical__seller_city_vargem grande paulista,1.1712208578515237,-1.1712208578515237
categorical__customer_city_mojui dos campos,1.1708868952654061,1.1708868952654061
categorical__seller_state_GO,1.170866572066339,-1.170866572066339
categorical__customer_city_pojuca,1.1708475356145451,-1.1708475356145451
categorical__customer_city_mata roma,1.1699482913689814,1.1699482913689814
categorical__customer_city_sangao,1.1694145866751877,1.1694145866751877
categorical__customer_city_ibate,1.1684585195262562,1.1684585195262562
categorical__customer_city_aracoiaba,1.1669821750959541,1.1669821750959541
categorical__customer_city_ituporanga,1.1659662749312236,-1.1659662749312236
categorical__customer_city_indiaroba,1.1650783629960746,1.1650783629960746
categorical__customer_city_astolfo dutra,1.1650765373744474,1.1650765373744474
categorical__customer_city_cafelandia,1.1649011371050682,-1.1649011371050682
categorical__seller_city_descalvado,1.1637327073041466,1.1637327073041466
categorical__customer_city_medicilandia,1.1606721906217525,1.1606721906217525
categorical__seller_city_nova petropolis,1.1587997931284648,1.1587997931284648
categorical__customer_city_imbe,1.1580019080777122,1.1580019080777122
categorical__customer_city_guacui,1.1579056266237648,-1.1579056266237648
categorical__customer_city_ariquemes,1.157655071420253,1.157655071420253
categorical__seller_city_itaborai,1.157619222869149,-1.157619222869149
categorical__product_category_name_moveis_cozinha_area_de_servico_jantar_e_jardim,1.1572520440338667,-1.1572520440338667
categorical__customer_city_nipoa,1.1572401600394888,1.1572401600394888
categorical__customer_city_tangara da serra,1.1566221748452974,1.1566221748452974
categorical__customer_city_ituverava,1.1565931962020213,-1.1565931962020213
categorical__customer_city_marechal candido rondon,1.1554882958305601,1.1554882958305601
categorical__customer_city_ampere,1.154659682433105,1.154659682433105
categorical__seller_city_japira,1.1546406359272194,1.1546406359272194
categorical__customer_city_california da barra,1.1530771964621596,1.1530771964621596
categorical__customer_city_sao domingos do norte,1.1529972989727835,1.1529972989727835
categorical__customer_city_angatuba,1.15249490046562,1.15249490046562
categorical__customer_city_trajano de moraes,1.151469411153428,1.151469411153428
categorical__customer_city_ribeirao branco,1.151173071420391,1.151173071420391
categorical__customer_city_capao bonito,1.1505443855491484,-1.1505443855491484
categorical__customer_city_canarana,1.1502361389651166,1.1502361389651166
categorical__customer_city_maracanau,1.1465786022643658,1.1465786022643658
categorical__customer_city_ubatuba,1.1464364937612121,1.1464364937612121
categorical__customer_city_paranapanema,1.1461525194461843,1.1461525194461843
categorical__customer_city_sao vicente,1.1460692312270817,1.1460692312270817
categorical__customer_city_nanuque,1.1459610000805036,1.1459610000805036
categorical__customer_city_ibiraja,1.1452040826659213,1.1452040826659213
categorical__customer_city_paraopeba,1.144823435400451,1.144823435400451
categorical__seller_city_ipira,1.1434207066249318,1.1434207066249318
categorical__customer_city_capinzal,1.1423648161563507,1.1423648161563507
categorical__customer_city_campestre do maranhao,1.1399050940181632,1.1399050940181632
categorical__customer_city_goncalves dias,1.1396054204022832,1.1396054204022832
categorical__customer_city_timbauba,1.1395146976795285,1.1395146976795285
categorical__customer_city_elias fausto,1.139215546306581,1.139215546306581
categorical__customer_city_casa branca,1.1389324221193682,1.1389324221193682
categorical__seller_city_taboao da serra,1.138379877845921,-1.138379877845921
categorical__customer_city_divinolandia,1.1382184277456637,1.1382184277456637
categorical__customer_city_pocos de caldas,1.1380956809932141,1.1380956809932141
categorical__customer_city_anicuns,1.137777851943299,1.137777851943299
categorical__seller_city_campo do meio,1.1338449406662958,-1.1338449406662958
categorical__seller_city_sao joao de meriti,1.1337069279442382,1.1337069279442382
categorical__customer_city_japuiba,1.1330554548113316,1.1330554548113316
categorical__customer_city_pien,1.1328763920374516,1.1328763920374516
categorical__customer_city_frederico westphalen,1.1305400690846732,1.1305400690846732
categorical__customer_city_juquitiba,1.1294201609059609,-1.1294201609059609
categorical__customer_city_laguna,1.1286705648125335,1.1286705648125335
categorical__seller_city_contagem,1.1281158038895076,-1.1281158038895076
categorical__customer_city_vitoria da conquista,1.12717732767306,-1.12717732767306
categorical__customer_city_mage,1.1232984257018224,-1.1232984257018224
categorical__customer_city_caxias do sul,1.1222552641585746,1.1222552641585746
categorical__customer_city_juazeiro,1.1216092692582194,1.1216092692582194
categorical__customer_city_viana,1.1199333694568843,1.1199333694568843
categorical__customer_city_araxa,1.1189455339944179,1.1189455339944179
categorical__customer_city_sao francisco,1.1179823803136717,1.1179823803136717
categorical__customer_city_senador canedo,1.116686099871796,1.116686099871796
categorical__customer_city_correia pinto,1.1156921328036322,-1.1156921328036322
categorical__seller_city_ferraz de  vasconcelos,1.113322500486313,1.113322500486313
categorical__customer_city_toledo,1.1132124871944258,1.1132124871944258
categorical__customer_city_reriutaba,1.1128138897853461,1.1128138897853461
categorical__seller_city_taruma,1.1116583817239454,1.1116583817239454
categorical__customer_city_jaciara,1.1099864799208283,1.1099864799208283
categorical__seller_city_poa,1.108944300154043,-1.108944300154043
categorical__seller_city_itaipulandia,1.107989675511294,1.107989675511294
categorical__customer_city_ipora do oeste,1.1074882961071144,1.1074882961071144
categorical__customer_city_taua,1.1071190563653779,-1.1071190563653779
categorical__customer_city_itauna,1.106681574174512,1.106681574174512
categorical__customer_city_venda nova do imigrante,1.1050432744127259,-1.1050432744127259
categorical__customer_city_abaetetuba,1.103025387240881,1.103025387240881
categorical__customer_city_assuncao,1.1030152035710836,1.1030152035710836
categorical__seller_city_monte alegre do sul,1.1011942063808156,1.1011942063808156
categorical__seller_city_sao pedro da aldeia,1.1006181911519382,-1.1006181911519382
categorical__customer_city_jaguare,1.0997021123841926,-1.0997021123841926
categorical__customer_city_maranguape,1.0991918754163184,1.0991918754163184
categorical__customer_city_pirapozinho,1.0983651443400881,-1.0983651443400881
categorical__customer_city_itororo,1.0971871796675263,1.0971871796675263
categorical__customer_city_nossa senhora do socorro,1.0962765597677593,1.0962765597677593
categorical__customer_city_paranaiba,1.0961733905225386,-1.0961733905225386
categorical__customer_city_oiapoque,1.095440956910227,1.095440956910227
categorical__customer_city_arcos,1.095287265636927,-1.095287265636927
categorical__customer_state_SE,1.0948609730905294,1.0948609730905294
categorical__seller_city_ribeirao preto,1.0947720730768764,1.0947720730768764
categorical__customer_city_palmeira dos indios,1.0936495102490937,-1.0936495102490937
categorical__seller_city_borda da mata,1.0933240255050511,-1.0933240255050511
categorical__customer_city_sao sebastiao do cai,1.0924294071193537,1.0924294071193537
categorical__seller_city_santa rosa de viterbo,1.0917888164254343,1.0917888164254343
categorical__customer_city_arraial do cabo,1.0915772065143536,1.0915772065143536
categorical__customer_city_alagoinhas,1.0908320179193578,1.0908320179193578
categorical__customer_city_barra velha,1.090423960971065,1.090423960971065
categorical__customer_city_barra do garcas,1.0886855389780665,-1.0886855389780665
categorical__customer_city_maristela,1.0858973408324524,1.0858973408324524
categorical__customer_city_paramirim,1.0858228665677996,1.0858228665677996
categorical__customer_city_conceicao da feira,1.083137633648523,1.083137633648523
categorical__customer_city_aparecida,1.0830833777478783,1.0830833777478783
categorical__seller_city_santo antonio de posse,1.0816944003116231,1.0816944003116231
categorical__customer_city_agua boa,1.0811323015713232,-1.0811323015713232
categorical__customer_city_palmeiras de goias,1.0808051358812487,1.0808051358812487
categorical__seller_state_MA,1.0798728265478594,1.0798728265478594
categorical__seller_city_sao luis,1.0798728265478594,1.0798728265478594
categorical__customer_city_diamantina,1.0790243729761362,-1.0790243729761362
categorical__customer_city_andradas,1.0789232950536098,1.0789232950536098
categorical__customer_city_curitibanos,1.0789095620966724,-1.0789095620966724
categorical__customer_city_petrolandia,1.0787920821123045,-1.0787920821123045
categorical__customer_city_araraquara,1.0784957385059013,1.0784957385059013
categorical__customer_city_boa esperanca do sul,1.0780889963264368,1.0780889963264368
categorical__seller_city_sbc/sp,1.077526692305804,-1.077526692305804
categorical__customer_city_posse,1.077347925386279,1.077347925386279
categorical__customer_city_pinheiros,1.0763995812342624,-1.0763995812342624
categorical__customer_city_uruoca,1.076045292794329,1.076045292794329
categorical__customer_city_sao joao da barra,1.0754604566692405,-1.0754604566692405
categorical__customer_city_monte carmelo,1.0752556765038257,-1.0752556765038257
categorical__customer_city_panambi,1.0749008397859985,1.0749008397859985
categorical__seller_city_buritama,1.0740407036462296,-1.0740407036462296
categorical__customer_city_arapiraca,1.0733758472736623,1.0733758472736623
categorical__customer_city_coroata,1.0724437267209832,-1.0724437267209832
categorical__customer_city_bom jesus,1.0723981760208738,-1.0723981760208738
categorical__seller_city_laranjal paulista,1.0710283958644535,1.0710283958644535
categorical__seller_state_AM,1.0707612332336833,1.0707612332336833
categorical__seller_city_manaus,1.0707612332336833,1.0707612332336833
categorical__customer_city_dom pedrito,1.0701792114328925,1.0701792114328925
categorical__customer_city_poa,1.069872867733451,-1.069872867733451
categorical__customer_city_unai,1.069481084907522,1.069481084907522
categorical__customer_city_itapicuru,1.0684227131155986,1.0684227131155986
categorical__customer_city_mineiros,1.067985159978367,-1.067985159978367
categorical__customer_city_osorio,1.067761513577248,-1.067761513577248
categorical__customer_city_sao goncalo do amarante,1.0676336380493068,1.0676336380493068
categorical__customer_city_conselheiro lafaiete,1.0662147398581667,1.0662147398581667
categorical__product_category_name_fashion_esporte,1.064905415244141,1.064905415244141
categorical__customer_city_garca,1.0641809663607718,-1.0641809663607718
categorical__seller_city_jaci,1.063337433211683,1.063337433211683
categorical__customer_city_pederneiras,1.0631086672888506,-1.0631086672888506
categorical__customer_city_espera feliz,1.0622334605049661,-1.0622334605049661
categorical__customer_city_jucas,1.0620720450284977,1.0620720450284977
categorical__customer_city_ipiau,1.059938222884907,-1.059938222884907
categorical__customer_city_jauru,1.0597177156891473,1.0597177156891473
categorical__customer_city_sarandi,1.0594830262720485,-1.0594830262720485
categorical__customer_city_santo antonio da patrulha,1.0585994551853604,-1.0585994551853604
categorical__customer_city_patos,1.0585549121549485,-1.0585549121549485
categorical__customer_city_monte gordo,1.0584790718649304,1.0584790718649304
categorical__customer_city_joaquim nabuco,1.0575947548851319,1.0575947548851319
categorical__customer_city_marmeleiro,1.057421399674527,1.057421399674527
categorical__customer_city_campo maior,1.0569617174042494,1.0569617174042494
categorical__customer_city_alem paraiba,1.0540563828840805,-1.0540563828840805
categorical__seller_city_guanhaes,1.0537562700806435,-1.0537562700806435
categorical__customer_state_RS,1.0528280078557757,-1.0528280078557757
categorical__customer_city_santa maria,1.0521380404939542,1.0521380404939542
categorical__customer_city_apodi,1.0512442201130012,1.0512442201130012
categorical__customer_city_sao jose do cedro,1.0510817783396753,1.0510817783396753
categorical__seller_city_bombinhas,1.0496519999545906,1.0496519999545906
categorical__customer_city_conceicao da barra,1.0492919109612915,1.0492919109612915
categorical__customer_city_itapoa,1.0481698288097114,1.0481698288097114
categorical__customer_city_severiano melo,1.04792465820754,1.04792465820754
categorical__customer_city_areia,1.0458489374382982,1.0458489374382982
categorical__seller_city_monteiro lobato,1.045123251286986,-1.045123251286986
categorical__seller_city_sertanopolis,1.0440280322303517,1.0440280322303517
categorical__product_category_name_cds_dvds_musicais,1.0433003837275423,-1.0433003837275423
categorical__customer_city_jarinu,1.042929952107956,-1.042929952107956
categorical__customer_city_santo antonio de posse,1.0423555133698748,-1.0423555133698748
categorical__customer_city_mairinque,1.0408913843277576,-1.0408913843277576
categorical__customer_city_paraibuna,1.0406536091164218,1.0406536091164218
categorical__customer_city_lins,1.0403295783937423,1.0403295783937423
categorical__customer_city_balneario rincao,1.0396860094922882,1.0396860094922882
categorical__customer_city_pirassununga,1.0395154886594917,1.0395154886594917
categorical__customer_city_vacaria,1.0391087448708403,-1.0391087448708403
categorical__customer_city_itapaci,1.0386135829222272,1.0386135829222272
categorical__customer_city_estrela,1.0381714402387339,-1.0381714402387339
categorical__customer_city_sao jose do rio pardo,1.0379991433538933,1.0379991433538933
categorical__customer_city_conceicao do coite,1.0375471145831714,1.0375471145831714
categorical__customer_city_sinop,1.0357457588297783,1.0357457588297783
categorical__customer_city_sao borja,1.0349462833271648,1.0349462833271648
categorical__customer_city_arembepe,1.0312123828217397,1.0312123828217397
categorical__customer_city_luis eduardo magalhaes,1.0308996352090973,1.0308996352090973
categorical__customer_city_ivoti,1.0306305733749634,1.0306305733749634
categorical__customer_city_venturosa,1.030571774524124,1.030571774524124
categorical__customer_city_catu de abrantes,1.030192183842351,1.030192183842351
categorical__seller_city_floresta,1.0278060595707772,-1.0278060595707772
categorical__customer_state_SP,1.027281459198492,-1.027281459198492
categorical__customer_city_ibirama,1.0263020865134338,-1.0263020865134338
categorical__customer_city_queimadas,1.0261518742542746,-1.0261518742542746
categorical__customer_city_tres passos,1.0261027674061662,1.0261027674061662
categorical__customer_city_maragogi,1.0250781478192,1.0250781478192
categorical__customer_city_sao tiago,1.0248631646795756,1.0248631646795756
categorical__customer_city_cananeia,1.0236598020988492,1.0236598020988492
categorical__customer_city_formosa da serra negra,1.0229330595807917,1.0229330595807917
categorical__customer_city_sao joao del rei,1.02266822106421,1.02266822106421
categorical__customer_city_criciuma,1.0218349461644012,1.0218349461644012
categorical__customer_city_palmeira das missoes,1.0209015921544258,-1.0209015921544258
categorical__customer_city_piata,1.0204025299952846,1.0204025299952846
categorical__customer_city_balneario camboriu,1.0203889531894914,1.0203889531894914
categorical__customer_city_araguaina,1.0198199576528477,1.0198199576528477
categorical__customer_city_eusebio,1.0197508267684843,-1.0197508267684843
categorical__customer_city_aimores,1.0195607312138921,1.0195607312138921
categorical__customer_city_buerarema,1.0194867004452026,1.0194867004452026
categorical__customer_city_indianopolis,1.01902535847082,1.01902535847082
categorical__seller_city_mococa,1.0189743216588865,1.0189743216588865
categorical__customer_city_piraquara,1.0186308585653734,1.0186308585653734
categorical__customer_city_ipua,1.0176359598369156,1.0176359598369156
categorical__seller_city_rolandia,1.0167917309422605,1.0167917309422605
categorical__customer_city_jaguaquara,1.0163383191878095,1.0163383191878095
categorical__customer_city_itaiopolis,1.0156933537983337,1.0156933537983337
categorical__customer_city_taquara,1.0147267912532996,-1.0147267912532996
categorical__customer_city_camocim,1.0132662296294133,1.0132662296294133
categorical__customer_city_sooretama,1.012888943990475,1.012888943990475
categorical__customer_city_guarani,1.0126599426418081,1.0126599426418081
categorical__seller_city_conselheiro lafaiete,1.011266306102753,-1.011266306102753
categorical__customer_city_espirito santo do pinhal,1.0109066462078524,-1.0109066462078524
categorical__customer_city_ibatiba,1.0102976339060699,-1.0102976339060699
categorical__seller_city_paulinia,1.0097710675864404,1.0097710675864404
categorical__customer_city_carazinho,1.0096429341279436,-1.0096429341279436
categorical__seller_city_pirituba,1.0074427628034912,1.0074427628034912
categorical__customer_city_santa cruz do capibaribe,1.0066561363842474,-1.0066561363842474
categorical__customer_city_cabedelo,1.0065910806037959,-1.0065910806037959
categorical__customer_city_nova andradina,1.006448552643638,-1.006448552643638
categorical__customer_city_uruacu,1.0064014906410848,-1.0064014906410848
categorical__customer_city_sousa,1.006396911718806,-1.006396911718806
categorical__customer_city_aramari,1.0057201078034719,1.0057201078034719
categorical__customer_city_bandeirantes,1.0043305980708204,-1.0043305980708204
categorical__seller_city_campos dos goytacazes,1.0032899768553252,-1.0032899768553252
categorical__customer_city_bacabal,1.0031055665264674,-1.0031055665264674
categorical__customer_city_farroupilha,1.0027794921668753,-1.0027794921668753
categorical__seller_city_maringa,1.002102562899858,1.002102562899858
categorical__customer_city_iuna,1.0018774054352313,1.0018774054352313
categorical__customer_city_serafina correa,1.0011228029374861,1.0011228029374861
categorical__customer_city_caxambu,0.999996074183339,0.999996074183339
categorical__customer_city_rolandia,0.9999535913378425,-0.9999535913378425
categorical__customer_city_montanha,0.9999418329375364,-0.9999418329375364
categorical__customer_city_braganca,0.9994479573087935,-0.9994479573087935
categorical__seller_city_sao leopoldo,0.9956465436743124,0.9956465436743124
categorical__customer_city_pires do rio,0.9930592806666848,0.9930592806666848
categorical__customer_city_olinda,0.9926321473952813,0.9926321473952813
categorical__customer_city_avare,0.9918988494989208,0.9918988494989208
categorical__customer_city_pedra azul,0.9911057124163817,0.9911057124163817
categorical__customer_city_presidente getulio,0.9903943052362073,0.9903943052362073
categorical__customer_city_conceicao do jacuipe,0.9894994231441452,0.9894994231441452
categorical__customer_city_picarras,0.9890153006596369,0.9890153006596369
categorical__customer_city_carlos barbosa,0.988632339651057,-0.988632339651057
categorical__customer_city_sarapui,0.9880809767286016,0.9880809767286016
categorical__customer_city_grajau,0.987387355746633,-0.987387355746633
categorical__customer_city_santa fe do sul,0.9870657296736074,0.9870657296736074
categorical__seller_city_videira,0.9841395304372054,0.9841395304372054
categorical__seller_city_franco da rocha,0.983865562491315,-0.983865562491315
categorical__customer_city_cabreuva,0.983831576218707,0.983831576218707
categorical__customer_city_vargem alta,0.9835377873159487,0.9835377873159487
categorical__seller_city_jussara,0.980371228224919,0.980371228224919
categorical__customer_city_cedral,0.9799178733124562,-0.9799178733124562
categorical__seller_city_suzano,0.9784993434394839,0.9784993434394839
categorical__customer_city_tucuma,0.9781354461191734,0.9781354461191734
categorical__customer_city_agudos,0.9780073489705328,0.9780073489705328
categorical__seller_city_alambari,0.977963360739223,0.977963360739223
categorical__customer_city_tres lagoas,0.9775092159580273,0.9775092159580273
categorical__seller_city_sao jose dos campos,0.9752767501511258,0.9752767501511258
categorical__customer_city_nova ponte,0.9729420424747496,0.9729420424747496
categorical__customer_city_chapadao do sul,0.9719954947868522,0.9719954947868522
categorical__customer_city_acailandia,0.9716893646087095,-0.9716893646087095
categorical__customer_city_marataizes,0.9709811684881623,-0.9709811684881623
categorical__customer_city_codo,0.9699862760699143,-0.9699862760699143
categorical__customer_city_miguelopolis,0.968975061255422,-0.968975061255422
categorical__customer_city_campos novos,0.9686475286812585,-0.9686475286812585
categorical__customer_city_paco do lumiar,0.9685582016107952,0.9685582016107952
categorical__customer_city_estancia velha,0.9681056052439014,-0.9681056052439014
categorical__customer_city_florianopolis,0.9678913230295375,0.9678913230295375
categorical__customer_city_monte azul paulista,0.9677852278556637,-0.9677852278556637
categorical__customer_city_sao gotardo,0.9676219049169341,0.9676219049169341
categorical__customer_city_laranjal paulista,0.9659453912502839,0.9659453912502839
categorical__customer_city_pouso alegre,0.965699411042755,0.965699411042755
categorical__customer_city_taquaritinga,0.9656108227062914,0.9656108227062914
categorical__customer_city_pilar do sul,0.9640365716599996,0.9640365716599996
categorical__customer_city_colider,0.9634063067104962,0.9634063067104962
categorical__customer_city_capelinha,0.9632986305366427,0.9632986305366427
categorical__customer_city_eloi mendes,0.9626800069257792,0.9626800069257792
categorical__customer_city_sao felipe,0.9621245506938682,0.9621245506938682
categorical__customer_city_sao luiz gonzaga,0.9620468963893687,-0.9620468963893687
categorical__customer_city_ouro preto,0.9619394063466656,0.9619394063466656
categorical__customer_city_santos dumont,0.9619113368061859,-0.9619113368061859
categorical__customer_city_olho d'agua das flores,0.9615583810501034,0.9615583810501034
categorical__customer_city_teodoro sampaio,0.9611718634748405,-0.9611718634748405
categorical__customer_city_nova prata do iguacu,0.9601304095657469,0.9601304095657469
categorical__customer_city_varzea grande,0.9600757530335212,0.9600757530335212
categorical__customer_city_pedro canario,0.959869811559367,0.959869811559367
categorical__customer_city_rio do sul,0.9594117681998153,0.9594117681998153
categorical__seller_city_guariba,0.9591291638845938,0.9591291638845938
categorical__customer_city_dumont,0.9587584738961682,0.9587584738961682
categorical__seller_city_petropolis,0.9585661352361287,0.9585661352361287
categorical__seller_city_feira de santana,0.9578111865577177,0.9578111865577177
categorical__customer_city_cubatao,0.9576340953037913,0.9576340953037913
categorical__customer_city_santa cruz cabralia,0.9543352598678634,0.9543352598678634
categorical__seller_city_garopaba,0.9540567837942389,-0.9540567837942389
categorical__customer_city_governador portela,0.9536404887760556,-0.9536404887760556
categorical__seller_city_alfenas,0.9533634324497403,0.9533634324497403
categorical__seller_city_pradopolis,0.9528337260580739,0.9528337260580739
categorical__customer_city_joao lisboa,0.9526352607691646,-0.9526352607691646
categorical__customer_city_campo novo do parecis,0.95176174338164,-0.95176174338164
categorical__customer_city_cajazeiras,0.9510506323215998,-0.9510506323215998
categorical__customer_city_jaguariaiva,0.9501431258110686,-0.9501431258110686
categorical__seller_city_porto ferreira,0.9498839576343633,0.9498839576343633
categorical__customer_city_ouro fino,0.9495229360966329,0.9495229360966329
categorical__customer_city_prado,0.9493784340637661,-0.9493784340637661
categorical__customer_city_itaquirai,0.949043740233721,0.949043740233721
categorical__customer_city_itambe,0.9489592543181039,0.9489592543181039
categorical__customer_city_urussanga,0.9437588623478003,0.9437588623478003
categorical__product_category_name_portateis_casa_forno_e_cafe,0.943422417249472,-0.943422417249472
categorical__seller_city_vicosa,0.94293427664313,0.94293427664313
categorical__customer_city_abelardo luz,0.9425674331683456,0.9425674331683456
categorical__seller_city_ao bernardo do campo,0.9419294079425817,-0.9419294079425817
categorical__customer_city_visconde do rio branco,0.9409120665549942,-0.9409120665549942
categorical__customer_city_cachoeira paulista,0.940427317468895,-0.940427317468895
categorical__customer_city_taquarituba,0.9395085974950039,-0.9395085974950039
categorical__customer_city_planaltina,0.9394386189476719,0.9394386189476719
categorical__customer_city_nova era,0.938985813813871,-0.938985813813871
categorical__customer_city_jiquirica,0.938365245621056,0.938365245621056
categorical__customer_city_antonio martins,0.9382997372486452,0.9382997372486452
categorical__seller_city_sao carlos,0.9374158089856898,0.9374158089856898
categorical__customer_city_limoeiro do norte,0.9371190575017962,-0.9371190575017962
categorical__customer_city_gravata,0.9342572296476424,0.9342572296476424
categorical__customer_city_hidrolina,0.9332857904748374,0.9332857904748374
categorical__customer_city_campinas,0.9329399035864991,0.9329399035864991
categorical__customer_city_hidrolandia,0.9326493487953559,-0.9326493487953559
categorical__customer_city_santa rosa de viterbo,0.9321144675975149,-0.9321144675975149
categorical__customer_city_santa cruz do sul,0.9309015250226537,0.9309015250226537
categorical__customer_city_santa gertrudes,0.9307011867347618,0.9307011867347618
categorical__customer_city_itaituba,0.9304378049605286,0.9304378049605286
categorical__customer_city_porto uniao,0.9303452087593479,-0.9303452087593479
categorical__customer_city_buritis,0.9300631919283274,-0.9300631919283274
categorical__customer_city_sao jose do belmonte,0.9299230452412939,0.9299230452412939
categorical__seller_city_indaiatuba,0.9299153878182724,0.9299153878182724
categorical__customer_city_veranopolis,0.9282373939450748,-0.9282373939450748
categorical__customer_city_tanque novo,0.9279030518662588,0.9279030518662588
categorical__customer_city_penha,0.9275504800814297,-0.9275504800814297
categorical__customer_city_curaca,0.9273540547132979,0.9273540547132979
categorical__customer_city_jardinopolis,0.9268563421273192,-0.9268563421273192
categorical__seller_city_ponte nova,0.9255519465712172,0.9255519465712172
numeric__estimated_delivery_days,0.9251230126040464,-0.9251230126040464
categorical__customer_city_santa vitoria,0.9239041031240733,-0.9239041031240733
categorical__customer_city_paraguacu paulista,0.9236759455060066,-0.9236759455060066
categorical__customer_city_itapecerica da serra,0.9234318735832768,0.9234318735832768
categorical__seller_city_engenheiro coelho,0.9234048215098578,0.9234048215098578
categorical__customer_city_divinopolis,0.9228088875008974,-0.9228088875008974
categorical__customer_city_conselheiro pena,0.9214786200795781,-0.9214786200795781
categorical__customer_city_leopoldina,0.9211054489740279,-0.9211054489740279
categorical__customer_city_lagoa vermelha,0.9210688800496979,-0.9210688800496979
categorical__customer_city_igrejinha,0.9195634835524559,0.9195634835524559
categorical__customer_city_nova veneza,0.9193544269175409,0.9193544269175409
categorical__customer_city_paraiso do tocantins,0.9192385096296948,-0.9192385096296948
categorical__customer_city_ascurra,0.9190902613818283,0.9190902613818283
categorical__customer_city_lago da pedra,0.9186767460518651,0.9186767460518651
categorical__customer_city_sao manuel,0.9177768645770086,-0.9177768645770086
categorical__customer_city_cornelio procopio,0.9160499680630595,-0.9160499680630595
categorical__customer_city_triunfo,0.9150529799010729,-0.9150529799010729
categorical__customer_city_serra negra,0.9139022397373897,-0.9139022397373897
categorical__customer_city_porciuncula,0.9136840596251653,-0.9136840596251653
categorical__customer_city_louveira,0.9128538901155454,0.9128538901155454
categorical__customer_city_charqueadas,0.9125371451702112,-0.9125371451702112
categorical__customer_city_santana do livramento,0.9124342998961736,-0.9124342998961736
categorical__customer_city_quirinopolis,0.9121180487127067,0.9121180487127067
categorical__customer_city_guararapes,0.9114600979083793,0.9114600979083793
categorical__customer_city_batatais,0.9100452433749586,0.9100452433749586
categorical__customer_city_monte alegre do sul,0.9094578068040309,-0.9094578068040309
categorical__seller_city_anapolis,0.9090219540694152,-0.9090219540694152
categorical__customer_city_sao sebastiao do paraiso,0.9089181252722092,0.9089181252722092
categorical__seller_state_PE,0.9077253291020233,-0.9077253291020233
categorical__customer_city_santana da vargem,0.9076141099656524,0.9076141099656524
categorical__customer_city_cunha,0.9066582340112513,-0.9066582340112513
categorical__customer_city_porto feliz,0.9062805562022563,-0.9062805562022563
categorical__customer_city_cajati,0.9056301620688437,-0.9056301620688437
categorical__seller_city_guara,0.9051202531671404,0.9051202531671404
categorical__customer_city_lapa,0.9049462100738942,-0.9049462100738942
categorical__customer_city_cristalina,0.9048702282553841,0.9048702282553841
categorical__customer_city_sorriso,0.9045226355997921,-0.9045226355997921
categorical__customer_city_presidente tancredo neves,0.9044223996598477,0.9044223996598477
categorical__customer_city_crateus,0.9041992766532295,-0.9041992766532295
categorical__customer_city_piranga,0.9021295221193204,0.9021295221193204
categorical__customer_city_rio claro,0.9019757263006615,-0.9019757263006615
categorical__customer_city_santiago,0.900960157659956,-0.900960157659956
categorical__customer_city_ibitinga,0.9007512948098829,-0.9007512948098829
categorical__customer_city_seabra,0.9007008529774745,-0.9007008529774745
categorical__customer_city_araucaria,0.9005005417560312,0.9005005417560312
categorical__customer_city_floresta,0.8988288358572484,0.8988288358572484
categorical__customer_city_junqueiropolis,0.8977011726935407,-0.8977011726935407
categorical__customer_city_santa maria da vitoria,0.897623585460024,0.897623585460024
categorical__customer_city_ruy barbosa,0.8964341965204105,-0.8964341965204105
categorical__customer_city_caconde,0.8964169326139177,-0.8964169326139177
categorical__customer_city_dois corregos,0.8961826860834391,-0.8961826860834391
categorical__seller_city_sao paulo sp,0.8960497134912327,0.8960497134912327
categorical__customer_city_tangua,0.8948712649052379,-0.8948712649052379
categorical__customer_city_barao de cocais,0.8934261802535898,-0.8934261802535898
categorical__customer_city_alto do rodrigues,0.8925266060867055,-0.8925266060867055
categorical__customer_city_foz do iguacu,0.8922974492822997,0.8922974492822997
categorical__customer_city_avelar,0.8922891484930867,0.8922891484930867
categorical__customer_city_ilhabela,0.892171704829066,0.892171704829066
categorical__customer_city_sao goncalo,0.8915807875551104,0.8915807875551104
categorical__customer_city_aguai,0.8903191585360012,0.8903191585360012
categorical__customer_city_bom jesus da lapa,0.8896773485245563,-0.8896773485245563
categorical__customer_city_santa rita do passa quatro,0.8876950610988752,-0.8876950610988752
categorical__customer_city_irati,0.8869863036041445,-0.8869863036041445
categorical__customer_city_palotina,0.8868438223997831,0.8868438223997831
categorical__seller_city_leme,0.8867424050327587,0.8867424050327587
categorical__customer_city_prata,0.8856520430335473,-0.8856520430335473
categorical__customer_city_monteiropolis,0.8846589739001538,0.8846589739001538
categorical__customer_city_couto de magalhaes,0.8844550508055532,0.8844550508055532
categorical__customer_city_caldas novas,0.8838535662468153,0.8838535662468153
categorical__customer_city_nova granada,0.8837362609335433,-0.8837362609335433
categorical__customer_city_tijucas,0.8826836082146423,0.8826836082146423
categorical__customer_city_conceicao do tocantins,0.8826733721792318,0.8826733721792318
categorical__customer_city_baixo guandu,0.8810627382563971,-0.8810627382563971
categorical__customer_city_guaruja do sul,0.880990676757542,0.880990676757542
categorical__customer_city_patos de minas,0.880336049247807,0.880336049247807
categorical__customer_city_campo belo,0.8784280571220802,-0.8784280571220802
categorical__customer_city_barra bonita,0.8780740972567506,0.8780740972567506
categorical__customer_city_guariba,0.8779876069829388,0.8779876069829388
categorical__customer_city_dom basilio,0.8771896025178368,0.8771896025178368
categorical__customer_city_sumare,0.875685872486421,0.875685872486421
categorical__customer_city_paulista,0.8750757964075676,0.8750757964075676
categorical__customer_city_sapucaia,0.8745604347949555,-0.8745604347949555
categorical__customer_city_guaratingueta,0.8730748851285011,0.8730748851285011
categorical__customer_city_merces,0.8719663304963805,0.8719663304963805
categorical__seller_city_parnamirim,0.871290429090178,-0.871290429090178
categorical__customer_city_cascavel,0.8698646810623444,0.8698646810623444
categorical__seller_city_ilheus,0.8694347842437681,-0.8694347842437681
categorical__seller_city_bocaiuva do sul,0.8686745216372187,-0.8686745216372187
categorical__customer_city_camamu,0.8675137088038185,-0.8675137088038185
categorical__seller_city_araucaria,0.8664681560168634,0.8664681560168634
categorical__customer_city_iguaba grande,0.8661979117668352,0.8661979117668352
categorical__seller_city_pinhalao,0.8656293552922185,-0.8656293552922185
categorical__customer_city_rodeio,0.8655407101817497,-0.8655407101817497
categorical__customer_city_santo amaro de campos,0.8639315404108393,-0.8639315404108393
categorical__customer_city_ibiruba,0.8628488907778163,-0.8628488907778163
categorical__customer_city_soledade,0.8609502055775897,-0.8609502055775897
categorical__customer_city_ibotirama,0.8604433104687792,-0.8604433104687792
categorical__customer_city_rio bananal,0.8598336409628143,0.8598336409628143
categorical__customer_city_medeiros neto,0.8595281759140718,-0.8595281759140718
categorical__customer_city_mangaratiba,0.8590046314089178,0.8590046314089178
categorical__seller_city_brejao,0.8586364183529773,-0.8586364183529773
categorical__customer_city_ilha dos valadares,0.8578846106813205,0.8578846106813205
categorical__customer_city_santo antonio da platina,0.8573423892773392,-0.8573423892773392
categorical__seller_city_presidente epitacio,0.8568004669461554,0.8568004669461554
categorical__customer_city_cansancao,0.8567305634268114,-0.8567305634268114
categorical__seller_city_paranavai,0.8565740496789376,0.8565740496789376
categorical__customer_city_tanabi,0.856440850920786,-0.856440850920786
categorical__customer_city_itajai,0.8564234128000712,0.8564234128000712
categorical__customer_city_coribe,0.8561592307466319,-0.8561592307466319
categorical__customer_city_pau dos ferros,0.8554828514968653,0.8554828514968653
categorical__customer_city_sao joaquim de bicas,0.8553802452417976,0.8553802452417976
categorical__customer_city_acopiara,0.8551072686627643,-0.8551072686627643
categorical__customer_city_nova friburgo,0.8550098678024992,0.8550098678024992
categorical__customer_city_vargem grande do soturno,0.8547525969910241,0.8547525969910241
categorical__customer_city_aguas de lindoia,0.854486482874934,-0.854486482874934
categorical__customer_city_paulinia,0.8543938359432283,0.8543938359432283
categorical__customer_city_ourilandia do norte,0.8542576833282719,-0.8542576833282719
categorical__customer_city_goiania,0.8533830755575506,0.8533830755575506
categorical__customer_city_serra talhada,0.85173331805393,-0.85173331805393
categorical__customer_city_auriflama,0.8502757367540167,-0.8502757367540167
categorical__customer_city_joao neiva,0.8492163539556141,-0.8492163539556141
categorical__seller_city_sao goncalo,0.8474944804570625,0.8474944804570625
categorical__customer_city_abreu e lima,0.8471916798134123,-0.8471916798134123
categorical__customer_city_rio pomba,0.8467787608169408,0.8467787608169408
categorical__customer_city_santo anastacio,0.8462123799349013,-0.8462123799349013
categorical__customer_city_porangatu,0.8458972039673108,-0.8458972039673108
categorical__customer_city_afogados da ingazeira,0.8455147555090731,-0.8455147555090731
categorical__customer_city_herval d'oeste,0.8439874699546995,-0.8439874699546995
categorical__customer_city_santa rita,0.8431923947122312,-0.8431923947122312
categorical__seller_city_mairinque,0.8431445838896369,-0.8431445838896369
categorical__customer_city_vila velha,0.8428984806314394,0.8428984806314394
categorical__customer_city_umuarama,0.8424158649199893,0.8424158649199893
categorical__customer_city_rio do pires,0.8422814707912853,0.8422814707912853
categorical__customer_city_palmas,0.8418312417091409,0.8418312417091409
categorical__customer_city_propria,0.8409847121164172,-0.8409847121164172
categorical__seller_city_salvador,0.8404418410704073,0.8404418410704073
categorical__customer_city_tupaciguara,0.8401700367945184,-0.8401700367945184
categorical__customer_city_alegre,0.8400173155070833,0.8400173155070833
categorical__customer_city_castelo,0.8394257578118763,0.8394257578118763
categorical__customer_city_sao lourenco da serra,0.8388559024208094,-0.8388559024208094
categorical__customer_city_ecoporanga,0.8384266113551645,-0.8384266113551645
categorical__customer_city_moreno,0.8384241206704073,-0.8384241206704073
categorical__customer_city_itapetininga,0.8383771177205477,0.8383771177205477
categorical__customer_city_conchal,0.8380470990723916,-0.8380470990723916
categorical__customer_city_crixas,0.8379099714817068,0.8379099714817068
categorical__customer_city_queimados,0.83754928597442,-0.83754928597442
categorical__customer_city_bonito,0.8374925199671382,0.8374925199671382
categorical__customer_city_quatis,0.8363639943468568,-0.8363639943468568
categorical__seller_city_andira-pr,0.8363142938852652,0.8363142938852652
categorical__customer_city_ouro branco,0.8362787145369099,0.8362787145369099
categorical__customer_city_sao jose do turvo,0.8361566998583746,0.8361566998583746
categorical__seller_city_tanabi,0.8351291415401206,0.8351291415401206
categorical__customer_city_vicosa,0.8320413945503364,-0.8320413945503364
categorical__customer_city_bambui,0.8310718354412158,-0.8310718354412158
categorical__customer_city_itabira,0.8302124649316363,-0.8302124649316363
categorical__seller_city_ouro fino,0.8282369300487952,-0.8282369300487952
categorical__seller_city_queimados,0.8282052962061531,0.8282052962061531
categorical__customer_city_ibipora,0.827930299957507,-0.827930299957507
categorical__customer_city_janauba,0.8275560911075106,-0.8275560911075106
categorical__seller_city_laurentino,0.8270699960530234,-0.8270699960530234
categorical__customer_city_piraju,0.8265361988180325,-0.8265361988180325
categorical__customer_city_piumhii,0.8248800164907931,0.8248800164907931
categorical__customer_city_jaboatao dos guararapes,0.8212387027527582,-0.8212387027527582
categorical__customer_city_braganca paulista,0.8200926964241075,-0.8200926964241075
categorical__customer_city_campos do jordao,0.8198587837354706,0.8198587837354706
categorical__customer_city_silva jardim,0.8184238721510695,-0.8184238721510695
categorical__customer_city_itaguacu,0.8183698679104001,0.8183698679104001
categorical__customer_city_duartina,0.8182607008969384,-0.8182607008969384
categorical__customer_city_barra dos coqueiros,0.8166201768603204,0.8166201768603204
categorical__customer_city_capela,0.8165510487301058,0.8165510487301058
categorical__customer_city_manhumirim,0.8164746809275331,-0.8164746809275331
categorical__customer_city_juiz de fora,0.8154458931415175,0.8154458931415175
categorical__customer_city_conceicao do mato dentro,0.814740972387067,-0.814740972387067
categorical__customer_city_santa juliana,0.8142586910109831,0.8142586910109831
categorical__customer_city_porto franco,0.8132543490224201,0.8132543490224201
categorical__customer_city_eldorado do sul,0.8129696127161766,-0.8129696127161766
categorical__customer_city_poco fundo,0.8125405335660003,-0.8125405335660003
categorical__customer_city_casa nova,0.8114750916212772,-0.8114750916212772
categorical__customer_city_santa helena de goias,0.81114660993907,-0.81114660993907
categorical__customer_city_marilandia,0.8108826546878197,-0.8108826546878197
categorical__customer_city_lages,0.8105548998285352,0.8105548998285352
categorical__seller_city_patos de minas,0.8102983150203799,-0.8102983150203799
categorical__seller_city_votorantim,0.809399599642288,0.809399599642288
categorical__customer_city_bezerros,0.8089859476743069,-0.8089859476743069
categorical__customer_city_pereira barreto,0.8085449657832016,-0.8085449657832016
categorical__customer_city_itamaraju,0.8082495681309854,0.8082495681309854
categorical__customer_city_limoeiro,0.8073236783172739,0.8073236783172739
categorical__seller_city_ipatinga,0.8059031890218972,-0.8059031890218972
categorical__customer_state_GO,0.805744577523864,-0.805744577523864
categorical__customer_city_nova alvorada do sul,0.805399066333603,0.805399066333603
categorical__customer_city_aparecida de goiania,0.8053126473525914,0.8053126473525914
categorical__customer_city_santa branca,0.8052455209981774,0.8052455209981774
categorical__customer_city_fartura,0.8052030337774493,0.8052030337774493
categorical__customer_city_afonso claudio,0.805096817859531,-0.805096817859531
categorical__customer_city_salinas,0.8049020441685768,0.8049020441685768
categorical__customer_state_RO,0.8047953304514422,-0.8047953304514422
categorical__customer_city_mandaguari,0.8027016695602884,0.8027016695602884
categorical__customer_city_cordeiropolis,0.8012803212737907,-0.8012803212737907
categorical__seller_city_blumenau,0.8010056150538339,-0.8010056150538339
categorical__customer_city_guanambi,0.8005043516506314,0.8005043516506314
categorical__customer_city_macaiba,0.8002629557669831,0.8002629557669831
categorical__customer_city_bariri,0.8001333998316608,-0.8001333998316608
categorical__customer_city_posto da mata,0.7997487447935371,-0.7997487447935371
categorical__customer_city_picos,0.7993621020991543,0.7993621020991543
categorical__customer_city_euclides da cunha,0.796117459697991,-0.796117459697991
categorical__customer_city_osvaldo cruz,0.7950700197440994,-0.7950700197440994
categorical__seller_city_ampere,0.7945262127930255,-0.7945262127930255
categorical__customer_city_macapa,0.7930991625288831,-0.7930991625288831
categorical__customer_city_para de minas,0.7929369941807697,0.7929369941807697
categorical__seller_city_bertioga,0.7928691468639519,-0.7928691468639519
categorical__customer_city_parelhas,0.7926361245408847,-0.7926361245408847
categorical__customer_city_visconde de maua,0.7926137366732984,0.7926137366732984
categorical__customer_city_ipero,0.7925907806243031,-0.7925907806243031
categorical__customer_city_barreiras,0.7924810848505338,-0.7924810848505338
categorical__seller_city_sao paulop,0.7921819349113476,0.7921819349113476
categorical__customer_city_bastos,0.792093207885465,-0.792093207885465
categorical__customer_city_tatui,0.7909610880238928,-0.7909610880238928
categorical__seller_city_alvorada,0.7905912772027647,-0.7905912772027647
categorical__seller_city_jacutinga,0.7901750186121187,0.7901750186121187
categorical__customer_city_itaberai,0.7895666416820789,-0.7895666416820789
categorical__customer_city_delmiro gouveia,0.7890895176639607,-0.7890895176639607
categorical__customer_city_tapejara,0.7874437526590524,-0.7874437526590524
categorical__seller_city_lorena,0.7866688654398205,-0.7866688654398205
categorical__seller_city_paincandu,0.7863274361116142,-0.7863274361116142
categorical__customer_city_laranjeiras do sul,0.785642666391344,-0.785642666391344
categorical__customer_city_joinville,0.7842859215858627,0.7842859215858627
categorical__product_category_name_fashion_underwear_e_moda_praia,0.7838779291083068,0.7838779291083068
categorical__customer_city_socorro,0.7838302087075182,-0.7838302087075182
categorical__customer_city_comendador levy gasparian,0.7832888493480649,-0.7832888493480649
categorical__customer_city_itapiranga,0.7831904040730359,-0.7831904040730359
categorical__customer_city_pontes e lacerda,0.783181119118443,-0.783181119118443
categorical__customer_city_praia grande,0.7830134575848401,0.7830134575848401
categorical__seller_city_aruja,0.7822552657513688,-0.7822552657513688
categorical__customer_city_barreiros,0.7820991627671,-0.7820991627671
categorical__customer_city_piratininga,0.7817116472300426,-0.7817116472300426
categorical__customer_city_congonhas,0.7798851816798483,0.7798851816798483
categorical__seller_city_rio bonito,0.7769302502447999,-0.7769302502447999
categorical__customer_city_inhapi,0.7762825439265194,0.7762825439265194
categorical__customer_city_matinhos,0.7761144961512565,0.7761144961512565
categorical__seller_city_sarandi,0.7747940048526517,0.7747940048526517
categorical__customer_city_jacunda,0.7745375642131029,-0.7745375642131029
categorical__seller_city_tabatinga,0.774183673382416,0.774183673382416
categorical__customer_city_porto nacional,0.7740124016905359,-0.7740124016905359
categorical__seller_city_nova lima,0.7736400558170948,-0.7736400558170948
categorical__customer_city_jose bonifacio,0.7721943119181701,-0.7721943119181701
categorical__customer_city_sao bernardo,0.7715880194932644,-0.7715880194932644
categorical__customer_city_brotas,0.7715001336612104,-0.7715001336612104
categorical__customer_city_cedro de sao joao,0.7713820667121993,0.7713820667121993
categorical__customer_city_mariana,0.7710737825694922,0.7710737825694922
categorical__customer_state_DF,0.7708978063121699,-0.7708978063121699
categorical__seller_city_cafelandia,0.7699568690571146,-0.7699568690571146
categorical__seller_city_imbe,0.7697337063479744,-0.7697337063479744
categorical__customer_city_almenara,0.7687044373926106,-0.7687044373926106
categorical__customer_city_recife,0.7680670518192345,0.7680670518192345
categorical__customer_city_mucuri,0.7679191050511378,-0.7679191050511378
categorical__customer_city_rondon do para,0.7675157236252459,-0.7675157236252459
categorical__customer_city_maringa,0.7669976578806577,0.7669976578806577
categorical__seller_city_limeira,0.7669954304121664,0.7669954304121664
categorical__customer_city_livramento de nossa senhora,0.7667738200710238,-0.7667738200710238
categorical__customer_city_sacramento,0.7666579258827334,-0.7666579258827334
categorical__customer_city_ipira,0.7662133535766303,-0.7662133535766303
categorical__customer_city_sao francisco do conde,0.7658743776025511,-0.7658743776025511
categorical__customer_city_curvelo,0.765139589654925,0.765139589654925
categorical__seller_city_nova trento,0.7648655898853922,-0.7648655898853922
categorical__customer_city_potiragua,0.7647764658449459,-0.7647764658449459
categorical__customer_city_tupa,0.7641696648158955,0.7641696648158955
categorical__seller_city_tabao da serra,0.7638725628654496,-0.7638725628654496
categorical__customer_city_vassouras,0.7635575260539315,0.7635575260539315
categorical__customer_city_julio de castilhos,0.763550249064311,0.763550249064311
categorical__customer_city_porto belo,0.763248560403455,-0.763248560403455
categorical__customer_city_sao jose de uba,0.7627819290732254,-0.7627819290732254
categorical__customer_city_divino,0.7626964730071798,-0.7626964730071798
categorical__customer_city_quatro barras,0.7622148976679202,0.7622148976679202
categorical__seller_city_garuva,0.7618824459720676,-0.7618824459720676
categorical__customer_city_faxinal dos guedes,0.7615789583894196,0.7615789583894196
categorical__customer_city_vargem grande do sul,0.7612638433734572,-0.7612638433734572
categorical__customer_city_guaraciaba do norte,0.7610665893867736,-0.7610665893867736
categorical__customer_city_cabo frio,0.7605501035077481,0.7605501035077481
categorical__customer_city_itai,0.760023531581897,-0.760023531581897
categorical__seller_city_curitibanos,0.7583196128652,0.7583196128652
categorical__customer_city_novo hamburgo,0.7583007180883276,0.7583007180883276
categorical__customer_city_sao simao,0.7581532526909832,-0.7581532526909832
categorical__customer_city_itapaje,0.7581067164058735,0.7581067164058735
categorical__customer_city_santa isabel do para,0.757825034525194,-0.757825034525194
categorical__customer_city_marco,0.7566731452591272,0.7566731452591272
categorical__customer_city_ouroeste,0.7554227224250344,0.7554227224250344
categorical__customer_city_aluminio,0.7546689942640508,0.7546689942640508
categorical__customer_city_rio negrinho,0.7546092446678807,-0.7546092446678807
categorical__customer_city_bananeiras,0.7544204729295051,0.7544204729295051
categorical__seller_city_fazenda rio grande,0.7535526235803043,-0.7535526235803043
categorical__customer_city_lagoa da canoa,0.7535196221496929,0.7535196221496929
categorical__customer_city_iconha,0.7530881254984501,-0.7530881254984501
categorical__customer_city_vinhedo,0.7530225495020553,-0.7530225495020553
categorical__customer_city_sao benedito,0.7526737965797561,-0.7526737965797561
categorical__seller_city_canoas,0.7525790436369018,-0.7525790436369018
categorical__customer_city_travessao,0.7519212956358117,-0.7519212956358117
categorical__customer_city_campo ere,0.750780389040445,0.750780389040445
categorical__customer_city_taguatinga,0.7500565491076944,-0.7500565491076944
categorical__customer_city_santa helena,0.7499068821468123,0.7499068821468123
categorical__seller_city_vespasiano,0.7483977421728428,0.7483977421728428
categorical__seller_city_cordeiropolis,0.7480770796492063,-0.7480770796492063
categorical__customer_city_capanema,0.7479671438094332,-0.7479671438094332
categorical__customer_city_salesopolis,0.7479163206350855,0.7479163206350855
categorical__customer_city_assis chateaubriand,0.7479118411263721,-0.7479118411263721
categorical__customer_city_sobral,0.7472726740712515,0.7472726740712515
categorical__customer_city_vila muriqui,0.7468271789694217,-0.7468271789694217
categorical__customer_city_loanda,0.7462419440942908,-0.7462419440942908
categorical__customer_city_itiuba,0.7456063719862304,-0.7456063719862304
categorical__customer_city_lindoia,0.745543005438397,-0.745543005438397
categorical__customer_city_breu branco,0.7454286844749226,0.7454286844749226
categorical__product_category_name_artigos_de_festas,0.745366406726758,-0.745366406726758
categorical__customer_city_pelotas,0.7447552269928328,0.7447552269928328
categorical__customer_city_riachao do jacuipe,0.7445460533297313,0.7445460533297313
categorical__seller_city_ibitinga,0.7444762211260247,0.7444762211260247
categorical__customer_city_inhambupe,0.7421594790133613,0.7421594790133613
categorical__seller_city_itaquaquecetuba,0.74187068616317,0.74187068616317
categorical__customer_city_marialva,0.741427963252613,-0.741427963252613
categorical__seller_city_sao bento,0.7413575360665615,-0.7413575360665615
categorical__customer_city_cicero dantas,0.7413222017720399,0.7413222017720399
categorical__customer_city_ipameri,0.7413211593011383,-0.7413211593011383
categorical__customer_city_comodoro,0.7408666424953881,-0.7408666424953881
categorical__customer_city_macatuba,0.7401328799260521,-0.7401328799260521
categorical__seller_city_auriflama,0.7400756720604336,-0.7400756720604336
categorical__customer_city_maua,0.7399335621153553,0.7399335621153553
categorical__customer_city_sao miguel do guama,0.7393681064147275,-0.7393681064147275
categorical__customer_city_canela,0.7386031703202736,-0.7386031703202736
categorical__customer_city_tapiratiba,0.7362736726206276,0.7362736726206276
categorical__product_category_name_sinalizacao_e_seguranca,0.7361845230295594,-0.7361845230295594
categorical__customer_city_cubati,0.7356968658034467,0.7356968658034467
categorical__seller_city_colombo,0.7354864247253343,-0.7354864247253343
categorical__customer_city_araripina,0.7350422269540423,-0.7350422269540423
categorical__customer_state_AL,0.7349259696934736,0.7349259696934736
categorical__customer_city_tramandai,0.7347074500591464,0.7347074500591464
categorical__seller_city_pitanga,0.734535080070988,-0.734535080070988
categorical__customer_city_iracemapolis,0.731287378142969,0.731287378142969
categorical__seller_city_niteroi,0.7305567602227148,0.7305567602227148
categorical__seller_state_PA,0.7301406838166413,-0.7301406838166413
categorical__customer_city_querencia,0.7291571297074263,-0.7291571297074263
categorical__customer_city_sao jose da lapa,0.7285090381481873,-0.7285090381481873
categorical__seller_city_cosmopolis,0.728240035597492,0.728240035597492
categorical__customer_city_diadema,0.7277204216394932,0.7277204216394932
categorical__seller_city_recife,0.726941550651111,0.726941550651111
categorical__customer_city_descalvado,0.7267585369462599,-0.7267585369462599
categorical__seller_city_bofete,0.7261596203954774,-0.7261596203954774
categorical__customer_city_sao cristovao,0.7261395213160358,-0.7261395213160358
categorical__customer_city_itaquaquecetuba,0.7253506685605481,0.7253506685605481
categorical__product_category_name_la_cuisine,0.7252568577799978,-0.7252568577799978
categorical__customer_city_toritama,0.7243473210690977,-0.7243473210690977
categorical__customer_city_picui,0.7239459224842048,0.7239459224842048
categorical__customer_city_cesario lange,0.7237513505448993,-0.7237513505448993
categorical__customer_city_vespasiano,0.7236770061077585,0.7236770061077585
categorical__customer_city_rio das flores,0.7234945297425531,0.7234945297425531
categorical__customer_city_itamonte,0.7222262766901936,-0.7222262766901936
categorical__customer_city_varre-sai,0.7213446724390148,0.7213446724390148
categorical__seller_city_mirassol,0.7209245528913342,0.7209245528913342
categorical__customer_city_mundo novo,0.7208519997077477,-0.7208519997077477
categorical__customer_city_nova petropolis,0.7206536332900991,0.7206536332900991
categorical__customer_city_regente feijo,0.7200789773022577,-0.7200789773022577
categorical__customer_city_paracuru,0.7187586451379836,0.7187586451379836
categorical__customer_city_pilao arcado,0.7183196646133054,-0.7183196646133054
categorical__customer_city_parapua,0.7179970358779242,-0.7179970358779242
categorical__customer_city_quata,0.7178268540562793,-0.7178268540562793
categorical__customer_city_dores do rio preto,0.7178041106551395,0.7178041106551395
categorical__product_category_name_pc_gamer,0.7174716325041604,-0.7174716325041604
categorical__customer_city_aguas belas,0.7174571076481059,-0.7174571076481059
categorical__customer_city_caratinga,0.7172425648679933,0.7172425648679933
categorical__customer_city_sao joao nepomuceno,0.7170009631197546,0.7170009631197546
categorical__customer_city_santa adelia,0.7168436537851052,0.7168436537851052
categorical__seller_city_caruaru,0.7162898640857314,-0.7162898640857314
categorical__customer_city_sarzedo,0.7155860928300151,0.7155860928300151
categorical__customer_city_guaranesia,0.7149880463380942,-0.7149880463380942
categorical__seller_city_mateus leme,0.7149761444972997,0.7149761444972997
categorical__customer_city_jatoba,0.7149617607948817,0.7149617607948817
categorical__customer_city_santanesia,0.7146031880380018,-0.7146031880380018
categorical__customer_city_santo antonio de jesus,0.714033156106051,-0.714033156106051
categorical__customer_city_bebedouro,0.7137734011663783,0.7137734011663783
categorical__seller_city_sao sebastiao,0.7136462688530374,0.7136462688530374
categorical__customer_city_goianesia do para,0.7134407496564663,-0.7134407496564663
categorical__customer_city_sao francisco do sul,0.7122497208186731,-0.7122497208186731
categorical__customer_city_faxinal,0.711264407092501,-0.711264407092501
categorical__customer_city_buri,0.7110030874897666,-0.7110030874897666
categorical__customer_city_coaraci,0.710912143305755,0.710912143305755
categorical__customer_city_rubiataba,0.7104536221025322,-0.7104536221025322
categorical__customer_city_pradopolis,0.7101829002739771,-0.7101829002739771
categorical__customer_city_mostardas,0.7099478699725361,-0.7099478699725361
categorical__customer_city_inhumas,0.7097865886959439,0.7097865886959439
categorical__customer_city_muqui,0.7093081611046368,-0.7093081611046368
categorical__customer_city_santana do paraiso,0.7082101039935402,0.7082101039935402
categorical__customer_city_biritiba-mirim,0.7078501512008559,-0.7078501512008559
categorical__customer_city_rio das pedras,0.7075885448529381,0.7075885448529381
categorical__customer_city_barra de sao francisco,0.7075650569306945,-0.7075650569306945
categorical__customer_state_SC,0.7075194875876519,-0.7075194875876519
categorical__customer_city_sao joao,0.7070790761243758,0.7070790761243758
categorical__customer_city_itaporanga,0.7067317206600502,0.7067317206600502
categorical__seller_city_chapeco,0.7066355759903094,-0.7066355759903094
categorical__seller_city_lencois paulista,0.7066091072773745,-0.7066091072773745
categorical__customer_city_lagoa da prata,0.7063749701166804,-0.7063749701166804
categorical__customer_state_MA,0.705669499332516,0.705669499332516
categorical__customer_city_sao sebastiao do passe,0.7054415070849249,-0.7054415070849249
categorical__customer_city_jaragua,0.7052891019800959,-0.7052891019800959
categorical__customer_city_coremas,0.7052203106326874,0.7052203106326874
categorical__customer_city_mogi mirim,0.7049575140542506,-0.7049575140542506
categorical__customer_city_quatro bocas,0.7041926476776385,-0.7041926476776385
categorical__customer_city_barretos,0.7036672849036322,0.7036672849036322
categorical__customer_city_barra do corda,0.7025216652788374,-0.7025216652788374
categorical__customer_city_santo antonio do monte,0.702057104992749,-0.702057104992749
categorical__customer_city_birigui,0.7019111880287483,0.7019111880287483
categorical__customer_city_piedade de caratinga,0.7018533068759158,-0.7018533068759158
categorical__customer_city_apiaca,0.7012410589512977,-0.7012410589512977
categorical__seller_city_nilopolis,0.7009487646671967,-0.7009487646671967
categorical__customer_city_papanduva,0.7004951083991173,-0.7004951083991173
categorical__customer_city_palmares,0.6997802516123702,-0.6997802516123702
categorical__customer_city_pedras de fogo,0.6990725068665714,0.6990725068665714
categorical__customer_city_vila valerio,0.6988880338409987,-0.6988880338409987
categorical__customer_city_barra da estiva,0.6983855559046886,-0.6983855559046886
categorical__customer_city_mutuipe,0.6978735033259734,-0.6978735033259734
categorical__customer_city_quixere,0.6977677131889857,0.6977677131889857
categorical__seller_city_nova iguacu,0.6974969154237544,0.6974969154237544
categorical__seller_city_california,0.6974636826218512,-0.6974636826218512
categorical__customer_city_caucaia,0.6972603355255416,0.6972603355255416
categorical__seller_city_saquarema,0.6965930603798972,0.6965930603798972
categorical__customer_city_santana do mundau,0.6965268724448129,-0.6965268724448129
categorical__customer_city_guaiuba,0.6956894980277042,-0.6956894980277042
categorical__customer_city_bombinhas,0.6951755389524503,0.6951755389524503
categorical__customer_city_alto parnaiba,0.6947772476788402,-0.6947772476788402
categorical__customer_city_beberibe,0.6939703009601927,0.6939703009601927
categorical__customer_city_ibicarai,0.6936135443614417,-0.6936135443614417
categorical__customer_city_planalto,0.6929409761819156,-0.6929409761819156
categorical__customer_city_guaira,0.6922210322439573,0.6922210322439573
categorical__customer_city_carutapera,0.6918222561248049,-0.6918222561248049
categorical__customer_city_aracruz,0.6911986531646152,0.6911986531646152
categorical__seller_city_eunapolis,0.6907845056042146,-0.6907845056042146
categorical__customer_city_esperantina,0.6904181072260231,-0.6904181072260231
categorical__customer_city_umbauba,0.6899276233751709,0.6899276233751709
categorical__customer_city_joao pinheiro,0.688578168686163,0.688578168686163
categorical__customer_city_candido mendes,0.6884970575803787,0.6884970575803787
categorical__seller_city_bebedouro,0.6878276877932453,0.6878276877932453
categorical__customer_city_barra de santo antonio,0.6871052414146007,-0.6871052414146007
categorical__customer_city_ipaba,0.6870696815430744,0.6870696815430744
categorical__customer_city_coruripe,0.6856440763703204,-0.6856440763703204
categorical__customer_city_sao roque do canaa,0.6854859757380459,0.6854859757380459
categorical__customer_city_sao lourenco do oeste,0.6854010808083708,-0.6854010808083708
categorical__customer_city_pomerode,0.6852521024670013,-0.6852521024670013
categorical__customer_city_raul soares,0.685051794498835,-0.685051794498835
categorical__customer_city_novo gama,0.6848217885130905,0.6848217885130905
categorical__customer_city_oliveira dos brejinhos,0.6843781627907526,0.6843781627907526
categorical__customer_city_ubaitaba,0.6838527706779827,-0.6838527706779827
categorical__customer_city_nova olinda do maranhao,0.6828044579629854,-0.6828044579629854
categorical__seller_city_lajeado,0.6820478160862573,0.6820478160862573
categorical__customer_city_rio largo,0.6820263014690815,-0.6820263014690815
categorical__customer_city_sao joao do paraiso,0.6814861927405506,0.6814861927405506
categorical__customer_city_morro do chapeu,0.6799083206652522,-0.6799083206652522
categorical__seller_city_franca,0.6797227143317816,0.6797227143317816
categorical__customer_city_tres de maio,0.6791548097386716,-0.6791548097386716
categorical__customer_city_urupes,0.6789373970180164,-0.6789373970180164
categorical__seller_city_sao joaquim da barra,0.6785368674671467,0.6785368674671467
categorical__customer_city_sao jose do calcado,0.6783108500148632,-0.6783108500148632
categorical__seller_city_caucaia,0.6782740705601392,0.6782740705601392
categorical__customer_city_serra do ramalho,0.6780731455840038,0.6780731455840038
categorical__customer_city_franca,0.6776383963871171,0.6776383963871171
categorical__customer_city_lucelia,0.6775522818727266,0.6775522818727266
categorical__customer_city_sao lourenco do sul,0.6771928129875253,-0.6771928129875253
categorical__seller_city_birigui,0.67627088493685,-0.67627088493685
categorical__customer_city_guararema,0.6761809434334485,-0.6761809434334485
categorical__customer_city_raposos,0.6761343427564027,-0.6761343427564027
categorical__customer_city_goioere,0.6758019205782645,-0.6758019205782645
categorical__customer_city_barra,0.6753915136495112,0.6753915136495112
categorical__seller_city_jaragua do sul,0.6753685774674548,0.6753685774674548
categorical__customer_city_tabapua,0.6751137816493948,-0.6751137816493948
categorical__customer_city_maracas,0.6749008769509445,-0.6749008769509445
categorical__customer_city_assis,0.6745338372829341,-0.6745338372829341
categorical__customer_city_pindamonhangaba,0.6741199942353302,0.6741199942353302
categorical__customer_city_araras,0.6739547723128304,0.6739547723128304
categorical__customer_city_marau,0.6739443737691954,-0.6739443737691954
categorical__customer_city_niquelandia,0.6733328822817131,-0.6733328822817131
categorical__seller_city_morrinhos,0.6726591305936408,-0.6726591305936408
categorical__customer_city_passa tres,0.6724917011821244,0.6724917011821244
categorical__customer_city_mamanguape,0.6718498183698812,0.6718498183698812
categorical__seller_city_vargem grande do sul,0.6714892952012647,0.6714892952012647
categorical__customer_city_neropolis,0.671286612907468,-0.671286612907468
categorical__customer_city_nova xavantina,0.6695677622286901,-0.6695677622286901
categorical__customer_city_aguas da prata,0.6686430011735944,-0.6686430011735944
categorical__seller_city_joao pessoa,0.6685418592377388,-0.6685418592377388
categorical__customer_city_mongagua,0.6672560836081541,0.6672560836081541
categorical__customer_city_varjota,0.6665265237763669,-0.6665265237763669
categorical__customer_city_bom jesus do norte,0.6661371315381689,-0.6661371315381689
categorical__customer_city_caninde,0.6660902322572341,-0.6660902322572341
categorical__customer_city_iraquara,0.6654962182958942,0.6654962182958942
categorical__customer_city_piripiri,0.6652452426071679,-0.6652452426071679
categorical__customer_city_taiobeiras,0.6650970069560389,-0.6650970069560389
categorical__customer_city_portao,0.6649319091915301,-0.6649319091915301
categorical__customer_city_carmo do paranaiba,0.6647439574169027,-0.6647439574169027
categorical__customer_city_manaus,0.6644566125484221,0.6644566125484221
categorical__seller_city_araras,0.6642657616842197,0.6642657616842197
categorical__seller_city_picarras,0.6642276458823155,-0.6642276458823155
categorical__seller_city_rio grande,0.6642179365413808,-0.6642179365413808
categorical__customer_city_guarai,0.6641230530025963,-0.6641230530025963
categorical__customer_city_santos,0.6631134553847068,0.6631134553847068
categorical__seller_city_lages,0.6628545254884283,-0.6628545254884283
categorical__customer_city_treze tilias,0.662028034807548,-0.662028034807548
categorical__customer_city_mirandopolis,0.66128717380881,0.66128717380881
categorical__customer_city_anta,0.6609559138462066,-0.6609559138462066
categorical__customer_city_riacho de santana,0.6605877732101375,0.6605877732101375
categorical__customer_city_itapecerica,0.6605084936024145,-0.6605084936024145
categorical__customer_city_dourado,0.6601331651193134,-0.6601331651193134
categorical__seller_city_flores da cunha,0.6599335215665799,-0.6599335215665799
categorical__customer_city_fervedouro,0.6598712018791177,-0.6598712018791177
categorical__customer_city_benedito novo,0.6595200269521543,-0.6595200269521543
categorical__customer_city_itapitanga,0.6587155890125049,-0.6587155890125049
categorical__customer_city_sao bento do sul,0.6582840221848429,0.6582840221848429
categorical__customer_city_bocaina,0.658039283298903,-0.658039283298903
categorical__seller_city_itapeva,0.657724140953466,-0.657724140953466
categorical__customer_city_alta floresta,0.656741285661999,-0.656741285661999
categorical__customer_city_rio branco,0.6559993048475923,0.6559993048475923
categorical__customer_city_guapore,0.6557415915350255,0.6557415915350255
categorical__customer_city_camaqua,0.6556499101390679,-0.6556499101390679
categorical__seller_state_SP,0.6555198286881461,0.6555198286881461
categorical__seller_city_camanducaia,0.6551612010384639,-0.6551612010384639
categorical__seller_city_imbituba,0.6545554833525877,0.6545554833525877
categorical__customer_city_paraguacu,0.6545067403924727,-0.6545067403924727
categorical__customer_city_pitangui,0.6532558506166188,0.6532558506166188
categorical__customer_city_torres,0.652643317030872,0.652643317030872
categorical__customer_city_taquaritinga do norte,0.6523791091540558,-0.6523791091540558
categorical__customer_city_alfredo chaves,0.6519939032870941,-0.6519939032870941
categorical__customer_city_cidade ocidental,0.6510307861343753,-0.6510307861343753
categorical__customer_city_valente,0.6501263898277315,0.6501263898277315
categorical__customer_city_cuiaba,0.6493513126492345,0.6493513126492345
categorical__customer_city_catole do rocha,0.6487250567957329,-0.6487250567957329
categorical__customer_city_aracoiaba da serra,0.6486269119509863,-0.6486269119509863
categorical__customer_city_atibaia,0.6485426451943425,0.6485426451943425
categorical__seller_city_porto belo,0.648293079552802,-0.648293079552802
categorical__customer_city_itajuipe,0.6481626839040263,-0.6481626839040263
categorical__seller_city_santa barbara d´oeste,0.6479782411807021,-0.6479782411807021
categorical__customer_city_engenheiro coelho,0.6456911598364821,0.6456911598364821
categorical__seller_city_pinhalzinho,0.6455176174811441,-0.6455176174811441
categorical__seller_city_batatais,0.6454355900692278,-0.6454355900692278
categorical__customer_city_porecatu,0.6452599281782461,-0.6452599281782461
categorical__customer_city_jardim,0.6444126237029479,-0.6444126237029479
categorical__customer_city_cambuci,0.6435278428741323,0.6435278428741323
categorical__customer_city_jequitinhonha,0.6432725038433577,-0.6432725038433577
categorical__seller_city_tubarao,0.6432450118867437,0.6432450118867437
categorical__seller_city_monte alto,0.6432145877934481,0.6432145877934481
categorical__customer_city_castilho,0.643111777944818,-0.643111777944818
categorical__customer_city_sao goncalo do sapucai,0.6425654124562036,-0.6425654124562036
categorical__customer_city_xaxim,0.6424672446959812,0.6424672446959812
categorical__customer_city_ponta grossa,0.6423733784619597,0.6423733784619597
categorical__customer_city_sao felix do xingu,0.6418611898125457,0.6418611898125457
categorical__seller_city_socorro,0.6418598110321581,0.6418598110321581
categorical__customer_city_novo cruzeiro,0.6411079486832201,-0.6411079486832201
categorical__customer_city_caraubas,0.6403053528536685,-0.6403053528536685
categorical__customer_city_amambai,0.6399931999659236,-0.6399931999659236
categorical__customer_city_joao camara,0.6399224383883536,-0.6399224383883536
categorical__customer_city_uruara,0.6398802832518593,-0.6398802832518593
categorical__customer_city_virginopolis,0.6389694998266204,-0.6389694998266204
categorical__customer_city_matias barbosa,0.6376520218831638,-0.6376520218831638
categorical__customer_city_claudio,0.6375234359041074,0.6375234359041074
categorical__customer_city_paripiranga,0.6371042520494614,-0.6371042520494614
categorical__customer_city_eugenopolis,0.6364623802490692,-0.6364623802490692
categorical__customer_city_bocaiuva,0.6358632672714499,-0.6358632672714499
categorical__customer_city_alcobaca,0.6346585585437984,0.6346585585437984
categorical__customer_city_pirajui,0.634358643357298,-0.634358643357298
categorical__customer_city_nova serrana,0.6343576290212964,0.6343576290212964
categorical__customer_city_icapui,0.634154738101277,-0.634154738101277
categorical__customer_city_agua doce do norte,0.6337984830958469,-0.6337984830958469
categorical__customer_city_andira,0.6337395716844964,-0.6337395716844964
categorical__customer_city_caarapo,0.6332181345255646,-0.6332181345255646
categorical__customer_city_primeiro de maio,0.632857006649146,-0.632857006649146
categorical__customer_city_iguai,0.6318721845302357,-0.6318721845302357
categorical__customer_city_nova prata,0.6318646845095766,-0.6318646845095766
categorical__customer_city_juina,0.6308734435488125,0.6308734435488125
categorical__customer_city_vilhena,0.6307800693707198,-0.6307800693707198
categorical__customer_city_pompeu,0.6307289797231251,-0.6307289797231251
categorical__customer_city_areado,0.6305721336295473,-0.6305721336295473
categorical__customer_city_schroeder,0.6295286332298937,-0.6295286332298937
categorical__customer_city_sao domingos,0.6292792831251632,-0.6292792831251632
categorical__seller_city_amparo,0.6285168761103332,0.6285168761103332
categorical__seller_city_itatiba,0.6281238182550023,0.6281238182550023
categorical__seller_city_carmo do cajuru,0.6279532451532456,-0.6279532451532456
categorical__customer_city_jaguaribe,0.6276009136673544,-0.6276009136673544
categorical__customer_city_camacan,0.6272976442540017,0.6272976442540017
categorical__customer_city_taruma,0.6263227800597381,-0.6263227800597381
categorical__seller_city_jaboticabal,0.6258034476596644,-0.6258034476596644
categorical__customer_city_entre rios de minas,0.6255695281609668,-0.6255695281609668
categorical__customer_city_taguai,0.6254258215634694,-0.6254258215634694
categorical__customer_city_rio maria,0.6252799560777631,-0.6252799560777631
categorical__product_category_name_moveis_colchao_e_estofado,0.6249732653441956,0.6249732653441956
categorical__customer_city_uibai,0.6242467074470913,-0.6242467074470913
categorical__customer_city_bom jesus do galho,0.624122044625545,-0.624122044625545
categorical__customer_city_abaete,0.6232569084164292,0.6232569084164292
categorical__product_category_name_pcs,0.62248080074688,0.62248080074688
categorical__customer_city_brasilia de minas,0.6220406419019545,-0.6220406419019545
categorical__customer_city_betim,0.6216630144017284,0.6216630144017284
categorical__customer_city_itapipoca,0.6212808899432958,0.6212808899432958
categorical__customer_city_paicandu,0.6205695410308659,-0.6205695410308659
categorical__customer_city_deodapolis,0.620203835561082,0.620203835561082
categorical__customer_city_mar de espanha,0.6200324031404127,-0.6200324031404127
categorical__customer_city_campos de julio,0.6191906732073453,-0.6191906732073453
categorical__customer_city_martinopolis,0.618628074786713,-0.618628074786713
categorical__seller_city_venancio aires,0.6178418239844634,-0.6178418239844634
categorical__seller_city_sao jose,0.617509666876602,-0.617509666876602
categorical__seller_city_portao,0.6172119941905676,-0.6172119941905676
categorical__customer_city_pompeia,0.6169872327107457,-0.6169872327107457
categorical__customer_city_dourados,0.6166977644443176,0.6166977644443176
categorical__customer_city_votuporanga,0.6160232473594607,-0.6160232473594607
categorical__customer_city_sao miguel,0.6153943062369988,-0.6153943062369988
categorical__customer_city_moju,0.614970826263292,0.614970826263292
categorical__seller_city_itaporanga,0.6145234459321316,-0.6145234459321316
categorical__seller_city_parai,0.6142804750800323,0.6142804750800323
categorical__customer_city_girua,0.6133683399559391,-0.6133683399559391
categorical__customer_city_jaguaruana,0.6129902205060807,-0.6129902205060807
categorical__customer_city_santa cecilia,0.6128115449598858,-0.6128115449598858
categorical__customer_city_flores da cunha,0.6116306151059075,-0.6116306151059075
categorical__customer_city_carapebus,0.6109914351705303,-0.6109914351705303
categorical__customer_city_piracaia,0.6109297244331382,0.6109297244331382
categorical__customer_city_andorinha,0.6107060346818419,-0.6107060346818419
categorical__customer_city_cassilandia,0.6107033209444127,0.6107033209444127
categorical__customer_city_contagem,0.6106017370941667,0.6106017370941667
categorical__customer_city_leme,0.610126066852805,-0.610126066852805
categorical__customer_city_lambari,0.609751204829544,-0.609751204829544
categorical__customer_city_nova londrina,0.6094793397808702,-0.6094793397808702
categorical__seller_city_aparecida de goiania,0.6094047483641777,0.6094047483641777
categorical__seller_city_pato branco,0.6093709339983562,-0.6093709339983562
categorical__customer_city_werneck,0.6090654009137209,0.6090654009137209
categorical__customer_city_camanducaia,0.6090466710942796,-0.6090466710942796
categorical__customer_city_piritiba,0.6089563003123636,-0.6089563003123636
categorical__customer_city_sao miguel arcanjo,0.6086983680020863,-0.6086983680020863
categorical__customer_city_bom jesus do tocantins,0.608495407124061,-0.608495407124061
categorical__customer_city_navirai,0.6078606908654498,0.6078606908654498
categorical__customer_city_conceicao do castelo,0.6074739983871174,-0.6074739983871174
categorical__customer_city_curiuva,0.6074541140024784,-0.6074541140024784
categorical__seller_city_rodeio,0.6061393385774693,-0.6061393385774693
categorical__customer_city_sao bento do sapucai,0.6059342946060349,-0.6059342946060349
categorical__seller_city_vassouras,0.6054446007316502,0.6054446007316502
categorical__customer_city_arceburgo,0.6052630083086269,-0.6052630083086269
categorical__customer_city_alto paraiso de goias,0.6034985324995047,-0.6034985324995047
categorical__seller_city_votuporanga,0.6034521078115787,0.6034521078115787
categorical__customer_city_corinto,0.6033895338120429,-0.6033895338120429
categorical__customer_city_paraisopolis,0.6032434659454482,-0.6032434659454482
categorical__customer_city_paracatu,0.6026806349801611,0.6026806349801611
categorical__customer_city_alvinopolis,0.6026414987673638,-0.6026414987673638
categorical__seller_city_domingos martins,0.6024234839961546,-0.6024234839961546
categorical__customer_city_claudia,0.6022140007671455,-0.6022140007671455
categorical__customer_city_ibiuna,0.6012786413658079,0.6012786413658079
categorical__customer_city_nova aurora,0.6006928758476363,-0.6006928758476363
categorical__customer_city_bataguassu,0.6002763917164264,-0.6002763917164264
categorical__customer_city_sao luis de montes belos,0.600094428297304,0.600094428297304
categorical__customer_city_camapua,0.5995747604518338,-0.5995747604518338
categorical__customer_city_monte santo de minas,0.5986277558367177,-0.5986277558367177
categorical__customer_city_marica,0.59851920552575,0.59851920552575
categorical__customer_city_quedas do iguacu,0.5983820190372642,-0.5983820190372642
categorical__customer_city_catende,0.5979964357827051,0.5979964357827051
categorical__customer_city_ocaucu,0.5975904391728389,-0.5975904391728389
categorical__customer_city_varzea da palma,0.5971104024650571,-0.5971104024650571
categorical__customer_city_porto trombetas,0.5967021013368352,-0.5967021013368352
categorical__customer_city_dois irmaos do buriti,0.5964756414798552,-0.5964756414798552
categorical__customer_city_sumidouro,0.5961736558365753,0.5961736558365753
categorical__customer_city_sirinhaem,0.5958535109805917,-0.5958535109805917
categorical__customer_city_matozinhos,0.5954519826147919,-0.5954519826147919
categorical__customer_city_dianopolis,0.595307453562709,-0.595307453562709
categorical__seller_city_arinos,0.5943865432565609,0.5943865432565609
categorical__customer_city_capinopolis,0.5941767029908209,-0.5941767029908209
categorical__customer_city_cajobi,0.5940822927145722,-0.5940822927145722
categorical__customer_city_colinas do tocantins,0.5937136775201894,-0.5937136775201894
categorical__customer_city_altamira,0.5935117693233019,0.5935117693233019
categorical__customer_city_guaicara,0.5932705998840501,-0.5932705998840501
categorical__customer_city_jacarezinho,0.5928531937645778,-0.5928531937645778
categorical__seller_city_cajamar,0.5928378690959099,-0.5928378690959099
categorical__customer_city_alfenas,0.5927852154979505,0.5927852154979505
categorical__customer_city_guara,0.5921660659064164,-0.5921660659064164
categorical__customer_city_colina,0.591909123372329,-0.591909123372329
categorical__seller_city_registro,0.5912469960715324,-0.5912469960715324
categorical__customer_city_perdoes,0.59105126519751,-0.59105126519751
categorical__customer_city_anita garibaldi,0.5892851668351766,-0.5892851668351766
categorical__seller_city_muriae,0.5891570868443808,-0.5891570868443808
categorical__customer_city_jacutinga,0.588813374524757,0.588813374524757
categorical__customer_city_goiana,0.5887947343388047,-0.5887947343388047
categorical__customer_city_estancia,0.5887314854057142,0.5887314854057142
categorical__customer_city_paracambi,0.5885441673247647,-0.5885441673247647
categorical__customer_city_campinorte,0.5882048650653713,-0.5882048650653713
categorical__customer_city_garrafao do norte,0.5879025921461397,-0.5879025921461397
categorical__customer_city_goias,0.587439800269776,-0.587439800269776
categorical__customer_city_pontal do parana,0.5873317326472635,-0.5873317326472635
categorical__customer_city_esmeraldas,0.5869862679709931,-0.5869862679709931
categorical__customer_city_sao marcos,0.5868786414257045,-0.5868786414257045
categorical__seller_city_paulo lopes,0.586055214038478,-0.586055214038478
categorical__customer_city_nova soure,0.5857763321047892,-0.5857763321047892
categorical__customer_city_pombal,0.5853267357768743,-0.5853267357768743
categorical__customer_city_nazare,0.5852882872536347,-0.5852882872536347
categorical__customer_city_aparecida do taboado,0.5851539363589084,0.5851539363589084
categorical__customer_city_lagoa formosa,0.5849137757930482,-0.5849137757930482
categorical__customer_city_tabira,0.5846969252521935,0.5846969252521935
categorical__seller_city_s jose do rio preto,0.5843735694001302,0.5843735694001302
categorical__seller_city_novo hamburgo,0.584368476537861,-0.584368476537861
categorical__customer_city_minacu,0.5837677325248094,-0.5837677325248094
categorical__customer_city_paraiso,0.5836549040706864,-0.5836549040706864
categorical__seller_city_teresina,0.5833652803449584,-0.5833652803449584
categorical__seller_state_PI,0.5833652803449584,-0.5833652803449584
categorical__customer_city_serra,0.5827203519740585,0.5827203519740585
categorical__seller_city_jacarei,0.5818173341648788,0.5818173341648788
categorical__customer_city_itau de minas,0.5817847238544253,-0.5817847238544253
categorical__customer_city_satuba,0.5817704604168008,-0.5817704604168008
categorical__customer_city_guarabira,0.5813207856435197,0.5813207856435197
categorical__customer_city_itapema,0.5809450740592536,-0.5809450740592536
categorical__customer_city_alcinopolis,0.5808929005354704,-0.5808929005354704
categorical__customer_city_cangucu,0.5803540578847356,-0.5803540578847356
categorical__customer_city_iguape,0.580336357641615,-0.580336357641615
categorical__seller_city_americana,0.5791866379881225,0.5791866379881225
categorical__seller_city_barra mansa,0.5791110757462319,0.5791110757462319
categorical__customer_city_nova lima,0.5790254531231944,0.5790254531231944
categorical__customer_city_bom jardim de minas,0.5784796241383404,-0.5784796241383404
categorical__seller_city_santa rita do sapucai,0.5784590369886131,-0.5784590369886131
categorical__customer_city_cururupu,0.5780180815851094,-0.5780180815851094
categorical__customer_city_itapecuru mirim,0.577650965410223,-0.577650965410223
categorical__customer_city_apiuna,0.5772326790645484,-0.5772326790645484
categorical__customer_city_arapora,0.5769018459731928,-0.5769018459731928
categorical__seller_city_treze tilias,0.5761525543885259,-0.5761525543885259
categorical__customer_city_sertania,0.5761028254673753,0.5761028254673753
categorical__seller_city_sao jose do rio preto,0.5759804771916602,0.5759804771916602
categorical__customer_city_nova cruz,0.5756818298774004,-0.5756818298774004
categorical__customer_city_carmo do rio claro,0.5753811270140553,-0.5753811270140553
categorical__customer_city_confresa,0.5753726456124426,-0.5753726456124426
categorical__customer_city_itanhandu,0.574526426623036,0.574526426623036
categorical__customer_city_antonina,0.574086329255902,-0.574086329255902
categorical__seller_city_uberaba,0.5739937373594634,0.5739937373594634
categorical__customer_city_sao francisco de paula,0.5739536605092217,-0.5739536605092217
categorical__customer_city_nova mutum,0.5734378204473483,-0.5734378204473483
categorical__customer_city_horizonte,0.573203122507079,0.573203122507079
categorical__seller_city_sao pedro,0.5729697807390095,0.5729697807390095
categorical__customer_city_joao pessoa,0.5726206038878597,0.5726206038878597
categorical__customer_city_lagoa da confusao,0.5720537768986739,0.5720537768986739
categorical__customer_city_sertaozinho,0.5712816629107693,-0.5712816629107693
categorical__product_category_name_portateis_cozinha_e_preparadores_de_alimentos,0.5712635642064526,0.5712635642064526
categorical__customer_city_barcarena,0.5708191580648461,0.5708191580648461
categorical__customer_city_bela vista de goias,0.5705231671767635,-0.5705231671767635
categorical__seller_city_ourinhos,0.569005199058386,-0.569005199058386
categorical__seller_city_tiradentes,0.5688842140764798,-0.5688842140764798
categorical__customer_city_pinheiro,0.5684169305527301,-0.5684169305527301
categorical__customer_city_sao roque,0.5683439507624317,0.5683439507624317
categorical__customer_city_mangueirinha,0.567861540219247,-0.567861540219247
categorical__customer_city_pirai do sul,0.5674864054192608,-0.5674864054192608
categorical__customer_city_aracariguama,0.5667170672775232,-0.5667170672775232
categorical__customer_city_francisco beltrao,0.5665233716181634,-0.5665233716181634
categorical__seller_city_colatina,0.5662572743359218,-0.5662572743359218
categorical__customer_city_fraiburgo,0.5662043330297795,0.5662043330297795
categorical__seller_city_uruacu,0.5661526354280527,-0.5661526354280527
categorical__customer_city_itaperuna,0.5658289427659356,0.5658289427659356
categorical__customer_city_juruaia,0.5658144290427175,-0.5658144290427175
categorical__customer_city_sao joaquim,0.5654000404738483,-0.5654000404738483
categorical__customer_city_mogi-guacu,0.5650493080173074,0.5650493080173074
categorical__customer_city_arapoti,0.5648762714216161,-0.5648762714216161
categorical__customer_city_morro agudo,0.5648002102813893,-0.5648002102813893
categorical__customer_city_monte alegre de minas,0.564543554537496,-0.564543554537496
categorical__customer_city_guapo,0.5644095130665474,-0.5644095130665474
categorical__seller_state_MG,0.5642660762238595,0.5642660762238595
categorical__customer_city_acreuna,0.5639862401608633,-0.5639862401608633
categorical__customer_city_forquilha,0.563907544423882,-0.563907544423882
categorical__seller_city_cariacica / es,0.5638773448183171,-0.5638773448183171
categorical__customer_city_italva,0.5637246269732303,0.5637246269732303
categorical__customer_city_cardoso moreira,0.5631114184073551,0.5631114184073551
categorical__customer_city_potirendaba,0.5629774978400799,-0.5629774978400799
categorical__customer_city_santa vitoria do palmar,0.562561477626224,-0.562561477626224
categorical__customer_city_monnerat,0.5622989868922702,-0.5622989868922702
categorical__customer_city_carandai,0.5622217716035417,-0.5622217716035417
categorical__customer_city_malacacheta,0.5611351542216936,-0.5611351542216936
categorical__customer_city_monsenhor tabosa,0.5608571151999641,-0.5608571151999641
categorical__seller_city_rio de janeiro / rio de janeiro,0.5606285297868107,-0.5606285297868107
categorical__customer_city_chapadinha,0.5598394474218447,-0.5598394474218447
categorical__customer_city_aurora,0.5597635574345888,-0.5597635574345888
categorical__customer_city_jacinto machado,0.5596294751753945,-0.5596294751753945
categorical__seller_city_estancia velha,0.5595720470126454,0.5595720470126454
categorical__seller_state_BA,0.5588964195746867,-0.5588964195746867
categorical__customer_city_itabaianinha,0.5588643194216776,0.5588643194216776
categorical__customer_city_taquari,0.5583533041247702,-0.5583533041247702
categorical__customer_city_jaguariuna,0.5582758675325138,-0.5582758675325138
categorical__customer_city_caririacu,0.5579915557132643,-0.5579915557132643
categorical__customer_city_ponta pora,0.5579571684792639,0.5579571684792639
categorical__customer_city_nova trento,0.5579129824502809,-0.5579129824502809
categorical__customer_city_lagoa do carro,0.5578252188637403,-0.5578252188637403
categorical__customer_city_lajedo,0.5577826968121042,-0.5577826968121042
categorical__seller_city_embu das artes,0.5576941362978255,-0.5576941362978255
categorical__customer_city_guaratuba,0.5576926702291407,-0.5576926702291407
categorical__customer_city_juquia,0.5570987026206223,-0.5570987026206223
categorical__customer_city_tres cachoeiras,0.5567431437303493,-0.5567431437303493
categorical__customer_city_brodowski,0.5565924689705987,-0.5565924689705987
categorical__product_category_name_livros_tecnicos,0.5563819914031835,0.5563819914031835
categorical__customer_city_apiai,0.5561706164156472,-0.5561706164156472
categorical__seller_state_SC,0.5559437769353961,0.5559437769353961
categorical__customer_city_rio real,0.5553210372000119,-0.5553210372000119
categorical__customer_city_itajobi,0.5550632272254985,-0.5550632272254985
categorical__seller_city_ararangua,0.5548534283763916,-0.5548534283763916
categorical__customer_city_bom jesus das selvas,0.55443316751171,-0.55443316751171
categorical__customer_city_barra do bugres,0.5543034303200556,-0.5543034303200556
categorical__customer_city_catanduvas,0.5538355685349994,-0.5538355685349994
categorical__customer_city_cacu,0.5529636953478653,-0.5529636953478653
categorical__customer_city_fortaleza,0.5527927642679595,0.5527927642679595
categorical__customer_city_santana do acarau,0.5517685967826681,-0.5517685967826681
categorical__customer_city_pedro de toledo,0.5516688636328957,-0.5516688636328957
categorical__customer_city_balsas,0.5515086818813183,0.5515086818813183
categorical__customer_city_orleans,0.5508660318666613,-0.5508660318666613
categorical__customer_city_carajas,0.550638315624359,-0.550638315624359
categorical__customer_city_campina verde,0.5505812118282251,-0.5505812118282251
categorical__customer_city_tarabai,0.5492738979580493,-0.5492738979580493
categorical__customer_city_mutum,0.5491097225648729,-0.5491097225648729
categorical__customer_city_nova fatima,0.548964628905538,-0.548964628905538
categorical__customer_city_firminopolis,0.5485494944614661,-0.5485494944614661
categorical__customer_city_baependi,0.5485445017069269,-0.5485445017069269
categorical__seller_city_dracena,0.5478157527204088,0.5478157527204088
categorical__customer_city_joviania,0.5474008206522756,-0.5474008206522756
categorical__customer_city_camacari,0.5472574248476784,0.5472574248476784
categorical__product_category_name_moveis_quarto,0.5470264660789516,-0.5470264660789516
categorical__customer_city_aracati,0.5469049426738151,0.5469049426738151
categorical__product_category_name_fashion_roupa_infanto_juvenil,0.5466241177690164,-0.5466241177690164
categorical__customer_city_pitangueiras,0.5464765539275326,0.5464765539275326
categorical__customer_city_cruzeiro do sul,0.5464597124447452,-0.5464597124447452
categorical__customer_city_pinheiro machado,0.5463765683988254,-0.5463765683988254
categorical__customer_city_abare,0.5463048294518627,-0.5463048294518627
categorical__customer_city_mambore,0.5460406172386558,-0.5460406172386558
categorical__customer_city_brasil novo,0.5456715378701646,-0.5456715378701646
categorical__customer_city_adolfo,0.545177410064413,-0.545177410064413
categorical__seller_city_pocos de caldas,0.5446751443534914,0.5446751443534914
categorical__customer_city_ipaussu,0.544668834846973,-0.544668834846973
categorical__seller_city_itu,0.54420543088232,0.54420543088232
categorical__customer_city_itagi,0.5435578222825859,-0.5435578222825859
categorical__customer_city_ceres,0.543075775040395,-0.543075775040395
categorical__customer_city_bicas,0.543069107432653,-0.543069107432653
categorical__customer_city_formosa,0.5430440813055454,0.5430440813055454
categorical__seller_city_arapongas,0.5427314340364171,0.5427314340364171
categorical__customer_city_itanhomi,0.542519474400853,-0.542519474400853
categorical__customer_city_batalha,0.5418728934176813,-0.5418728934176813
categorical__customer_city_ivaipora,0.5416682727272165,-0.5416682727272165
categorical__seller_city_tres rios,0.5412784355674,-0.5412784355674
categorical__customer_city_carlopolis,0.5408270680562924,-0.5408270680562924
categorical__seller_city_itabira,0.5407616545735066,-0.5407616545735066
categorical__customer_city_terra rica,0.5406754332012459,-0.5406754332012459
categorical__customer_city_igarape,0.5406266259711725,-0.5406266259711725
categorical__seller_city_pinhais,0.5405223883521295,-0.5405223883521295
categorical__seller_city_caratinga,0.5405142434398954,-0.5405142434398954
categorical__customer_city_januaria,0.5396817504610777,0.5396817504610777
categorical__customer_city_bom jesus dos perdoes,0.5393443903020388,0.5393443903020388
categorical__customer_city_itu,0.5390243995135202,0.5390243995135202
categorical__customer_city_valenca do piaui,0.5380136320306935,-0.5380136320306935
categorical__customer_city_alvares machado,0.5374774900255939,-0.5374774900255939
categorical__customer_city_barro,0.5359215864292914,0.5359215864292914
categorical__customer_city_chapadao do ceu,0.5355849962249942,-0.5355849962249942
categorical__customer_city_tailandia,0.5353059883637289,0.5353059883637289
categorical__customer_city_caiaponia,0.5351260447865532,-0.5351260447865532
categorical__customer_city_nova europa,0.5347024578855085,-0.5347024578855085
categorical__customer_city_ipanema,0.5346004293287491,-0.5346004293287491
categorical__customer_city_siqueira campos,0.5344712603103472,-0.5344712603103472
categorical__customer_city_santana,0.5344270976447106,0.5344270976447106
categorical__customer_city_sao jose do norte,0.5342068475306434,-0.5342068475306434
categorical__customer_city_sao jose de mipibu,0.5341394241300692,-0.5341394241300692
categorical__customer_city_itobi,0.5341380356719878,-0.5341380356719878
categorical__customer_city_silvianopolis,0.5336977455403101,-0.5336977455403101
categorical__customer_city_pacaja,0.5334516285842668,0.5334516285842668
categorical__seller_city_laranjeiras do sul,0.5330259089692003,-0.5330259089692003
categorical__customer_city_belo jardim,0.5324051507487301,0.5324051507487301
categorical__seller_city_igaracu do tiete,0.5318724649715366,-0.5318724649715366
categorical__customer_city_agua branca,0.5316472261524212,-0.5316472261524212
categorical__customer_city_parauna,0.5313886643811272,-0.5313886643811272
categorical__seller_city_sao caetano do sul,0.5306804153598264,0.5306804153598264
categorical__customer_city_itaipava,0.5296574421207999,-0.5296574421207999
categorical__customer_city_sao pedro,0.5292561647613813,-0.5292561647613813
categorical__customer_city_rio novo do sul,0.5291485836731493,-0.5291485836731493
categorical__seller_city_rolante,0.5286774286162297,-0.5286774286162297
categorical__customer_city_imbuia,0.5284935163841614,-0.5284935163841614
categorical__customer_city_boa esperanca,0.5284254533338103,-0.5284254533338103
categorical__customer_city_nova bandeirantes,0.5282952695112475,-0.5282952695112475
categorical__customer_city_formoso do araguaia,0.5264818206096759,-0.5264818206096759
categorical__customer_city_corupa,0.5263983265589581,-0.5263983265589581
categorical__customer_city_imbituba,0.5263110430444492,0.5263110430444492
categorical__customer_city_goianesia,0.5253094284108939,0.5253094284108939
categorical__customer_city_anapolis,0.5251866278168654,0.5251866278168654
categorical__customer_city_maracai,0.5250160462695298,-0.5250160462695298
categorical__customer_city_cristopolis,0.5249584319631952,-0.5249584319631952
categorical__seller_city_aracatuba,0.5246083145792105,-0.5246083145792105
categorical__customer_city_serra dos aimores,0.5241088061407267,-0.5241088061407267
categorical__product_category_name_construcao_ferramentas_ferramentas,0.5240213304799078,-0.5240213304799078
categorical__customer_city_surubim,0.5234427962981344,-0.5234427962981344
categorical__customer_city_ortigueira,0.5232029820917711,-0.5232029820917711
categorical__customer_city_avanhandava,0.5231907587877554,-0.5231907587877554
categorical__customer_city_paraty,0.5231059136663155,0.5231059136663155
categorical__customer_city_esplanada,0.5208028820976239,-0.5208028820976239
categorical__seller_city_dois corregos,0.5207017591855825,0.5207017591855825
categorical__customer_city_dores do indaia,0.5200360483372823,-0.5200360483372823
categorical__seller_city_sao jose dos pinhas,0.5198942656036541,-0.5198942656036541
categorical__customer_city_chavantes,0.519743332153113,-0.519743332153113
categorical__customer_city_caxias,0.5195010055911587,0.5195010055911587
categorical__customer_city_itaja,0.5185769296375015,-0.5185769296375015
categorical__customer_city_dois vizinhos,0.5182979295083184,0.5182979295083184
categorical__customer_city_capitolio,0.5180913271742839,-0.5180913271742839
categorical__customer_city_belo campo,0.5180646274685687,-0.5180646274685687
categorical__customer_city_caruaru,0.5174571481725825,0.5174571481725825
categorical__customer_city_passa quatro,0.517214568855584,-0.517214568855584
categorical__customer_city_carire,0.5164936262182812,-0.5164936262182812
categorical__customer_city_igarata,0.5163410222229898,-0.5163410222229898
categorical__customer_city_sao raimundo nonato,0.5161923841054816,-0.5161923841054816
categorical__customer_city_ribeirao das neves,0.5160529594587488,0.5160529594587488
categorical__customer_city_jaragua do sul,0.5157700514602761,0.5157700514602761
categorical__customer_city_santa cruz,0.515737883067151,-0.515737883067151
categorical__customer_city_jacobina,0.5156573144111642,-0.5156573144111642
categorical__customer_city_rio acima,0.5150524812681654,-0.5150524812681654
categorical__customer_city_itapemirim,0.5147551953597188,-0.5147551953597188
categorical__customer_city_viradouro,0.5146121329948453,0.5146121329948453
categorical__customer_city_sobradinho,0.5142261756370621,0.5142261756370621
categorical__customer_city_guarapari,0.513621535109312,0.513621535109312
categorical__customer_city_astorga,0.5134906539422981,-0.5134906539422981
categorical__customer_city_alexania,0.5132355281126257,-0.5132355281126257
categorical__seller_city_mesquita,0.5130010760555446,0.5130010760555446
categorical__customer_city_arroio do sal,0.5129880238333102,-0.5129880238333102
categorical__customer_city_eliseu martins,0.512639451671525,-0.512639451671525
categorical__customer_city_pacajus,0.5121788824427085,0.5121788824427085
categorical__customer_city_sao jose da vitoria,0.5121616908171605,-0.5121616908171605
categorical__customer_city_riqueza,0.5120870006157778,-0.5120870006157778
categorical__seller_city_pederneiras,0.5119913751436319,-0.5119913751436319
categorical__customer_city_santo estevao,0.511892668490012,-0.511892668490012
categorical__customer_city_arrozal,0.5118262390302062,-0.5118262390302062
categorical__customer_city_nhandeara,0.511522419825218,-0.511522419825218
categorical__customer_city_custodia,0.5113457152092886,-0.5113457152092886
categorical__customer_city_barra mansa,0.511249978446642,0.511249978446642
categorical__customer_city_pontal,0.5110787959119338,-0.5110787959119338
categorical__customer_city_mairipora,0.5106636922191278,0.5106636922191278
categorical__customer_city_cambara,0.5105554900778091,-0.5105554900778091
categorical__customer_city_alagoinha,0.510445703608191,-0.510445703608191
categorical__seller_city_santo angelo,0.5090124477052214,0.5090124477052214
categorical__customer_city_arari,0.5087285077271698,-0.5087285077271698
categorical__seller_city_ibia,0.5085516992559475,-0.5085516992559475
categorical__customer_city_tocos,0.5073149115343071,-0.5073149115343071
categorical__seller_city_formosa do oeste,0.5068198840858253,-0.5068198840858253
categorical__customer_city_santa rosa,0.5065807393492834,0.5065807393492834
categorical__customer_city_guanhaes,0.5062250402843692,0.5062250402843692
categorical__customer_city_medina,0.5057601809453903,-0.5057601809453903
categorical__customer_city_jucurutu,0.5056881247919727,-0.5056881247919727
categorical__customer_state_CE,0.5050370304727158,0.5050370304727158
categorical__customer_city_cacador,0.5044642662365427,0.5044642662365427
categorical__customer_city_miraima,0.5044394128000611,-0.5044394128000611
categorical__customer_city_saltinho,0.5043218891098021,-0.5043218891098021
categorical__customer_city_pinhalao,0.5042985571810866,-0.5042985571810866
categorical__customer_city_mirassol d'oeste,0.5034136390470103,0.5034136390470103
categorical__customer_city_oeiras do para,0.5028413920004728,-0.5028413920004728
categorical__customer_city_barra do choca,0.5024524510463526,-0.5024524510463526
categorical__customer_city_prudentopolis,0.502326580584663,-0.502326580584663
categorical__customer_city_parobe,0.5023014426627427,-0.5023014426627427
categorical__seller_city_sumare,0.5022862505990722,0.5022862505990722
categorical__customer_city_cameta,0.5013053469287865,-0.5013053469287865
categorical__customer_city_utinga,0.5005564263734837,-0.5005564263734837
categorical__customer_city_novo horizonte,0.5004880555022482,0.5004880555022482
categorical__seller_city_montenegro,0.5000266118203233,-0.5000266118203233
categorical__customer_city_amelia rodrigues,0.49991382205664997,-0.49991382205664997
categorical__customer_city_urbano santos,0.49959877448824624,-0.49959877448824624
categorical__customer_city_presidente epitacio,0.4995163712529974,0.4995163712529974
categorical__customer_city_sao jose do egito,0.49929811212673875,-0.49929811212673875
categorical__product_category_name_climatizacao,0.49878649425072685,-0.49878649425072685
categorical__customer_city_americana,0.4985308453877214,0.4985308453877214
categorical__customer_city_ituacu,0.49851815039481967,-0.49851815039481967
categorical__customer_city_ichu,0.49829845036546844,-0.49829845036546844
categorical__customer_city_ibira,0.49777091544023255,-0.49777091544023255
categorical__seller_city_mandaguacu,0.49777067960970633,-0.49777067960970633
categorical__customer_city_jeceaba,0.49754862856823645,-0.49754862856823645
categorical__customer_city_buritizeiro,0.4975073940839273,-0.4975073940839273
categorical__customer_city_barroso,0.49738438470918267,-0.49738438470918267
categorical__customer_city_iguatu,0.49735301946267546,0.49735301946267546
categorical__customer_city_piquete,0.4966141518851048,-0.4966141518851048
categorical__seller_city_angra dos reis,0.49608174042784076,-0.49608174042784076
categorical__customer_city_bayeux,0.4960155952759584,-0.4960155952759584
categorical__customer_city_mirinzal,0.49583322529467333,-0.49583322529467333
categorical__customer_city_santana do serido,0.4958087071303647,-0.4958087071303647
categorical__customer_city_monte carlo,0.4957443052072011,-0.4957443052072011
categorical__customer_city_araputanga,0.4956977335745017,-0.4956977335745017
categorical__customer_city_teofilandia,0.4955926437232475,-0.4955926437232475
categorical__customer_city_balneario pinhal,0.494980676429428,-0.494980676429428
categorical__customer_city_jacaraci,0.4940489082302066,-0.4940489082302066
categorical__customer_city_porto calvo,0.49397159920400024,-0.49397159920400024
categorical__customer_city_pedreiras,0.4936572319553929,-0.4936572319553929
categorical__customer_city_resplendor,0.49225036923264337,-0.49225036923264337
categorical__customer_city_ferraz de vasconcelos,0.491937672085942,0.491937672085942
categorical__customer_city_tapes,0.49167201381970344,-0.49167201381970344
categorical__customer_city_milagres,0.4910411055953865,-0.4910411055953865
categorical__seller_city_clementina,0.4907277801131565,-0.4907277801131565
categorical__customer_city_itaborai,0.490583787517811,0.490583787517811
categorical__customer_city_monte aprazivel,0.49032582399952124,-0.49032582399952124
categorical__customer_city_nilopolis,0.4899189450345288,-0.4899189450345288
categorical__customer_city_celina,0.48939211971994895,-0.48939211971994895
categorical__customer_city_borda da mata,0.48918306336284295,-0.48918306336284295
categorical__seller_city_barra velha,0.4891385618593968,-0.4891385618593968
categorical__customer_city_rio casca,0.488606710714995,-0.488606710714995
categorical__customer_city_fatima do sul,0.48797178106882033,-0.48797178106882033
categorical__customer_city_porto xavier,0.4875470292711276,-0.4875470292711276
categorical__seller_city_luiz alves,0.4875132006108288,-0.4875132006108288
categorical__customer_city_itaporanga d'ajuda,0.4870319288309145,0.4870319288309145
categorical__customer_city_ipumirim,0.4868217205580007,-0.4868217205580007
categorical__customer_city_campina grande,0.48681142428797086,0.48681142428797086
categorical__customer_city_ribeirao,0.48641926357994864,-0.48641926357994864
categorical__customer_city_santana do cariri,0.48612233229718427,-0.48612233229718427
categorical__customer_city_botelhos,0.48557251761828346,-0.48557251761828346
categorical__customer_city_cruzeiro,0.4853312358795694,0.4853312358795694
categorical__customer_city_casca,0.48518143744279185,-0.48518143744279185
categorical__customer_city_pereiro,0.4848528543811208,-0.4848528543811208
categorical__customer_city_mantena,0.48415355762927653,-0.48415355762927653
categorical__customer_city_otacilio costa,0.48400416365156945,-0.48400416365156945
categorical__customer_city_perdigao,0.48332444103998284,-0.48332444103998284
categorical__customer_city_goianapolis,0.4827925019160285,-0.4827925019160285
categorical__customer_city_quixeramobim,0.4825108537466812,0.4825108537466812
categorical__customer_city_sao joao de meriti,0.4823405063686706,0.4823405063686706
categorical__customer_city_aguas lindas de goias,0.48119630220580917,0.48119630220580917
categorical__customer_city_simonesia,0.4810301144372167,-0.4810301144372167
categorical__customer_city_saloa,0.4809503058433642,-0.4809503058433642
categorical__customer_city_iturama,0.4784430526450388,0.4784430526450388
categorical__customer_city_itau,0.4784366250602938,-0.4784366250602938
categorical__customer_city_cravinhos,0.478087908313261,0.478087908313261
categorical__seller_city_tres coracoes,0.47801074604426663,-0.47801074604426663
categorical__customer_city_arroio do meio,0.47774025354896427,-0.47774025354896427
categorical__customer_city_teixeira de freitas,0.47755987660283894,-0.47755987660283894
categorical__seller_city_jacarei / sao paulo,0.4773478196138462,-0.4773478196138462
categorical__customer_city_ivate,0.47723243877379273,-0.47723243877379273
categorical__customer_city_regeneracao,0.47662990746596595,-0.47662990746596595
categorical__customer_city_sao sebastiao do alto,0.47660429770516644,-0.47660429770516644
categorical__customer_city_sao pedro da aldeia,0.4765838514968859,0.4765838514968859
categorical__customer_city_agua clara,0.4762515672137792,-0.4762515672137792
categorical__customer_city_bom jesus do itabapoana,0.47589323212328116,-0.47589323212328116
categorical__customer_city_serranopolis,0.4758838616184209,-0.4758838616184209
categorical__customer_city_sao sepe,0.4757954351352336,-0.4757954351352336
categorical__customer_city_rio das antas,0.4756782656544387,-0.4756782656544387
categorical__customer_city_iacanga,0.47544285093360755,-0.47544285093360755
categorical__product_category_name_industria_comercio_e_negocios,0.4753253787117122,-0.4753253787117122
categorical__customer_city_mirai,0.47497700274168114,-0.47497700274168114
categorical__customer_city_sao gabriel do oeste,0.47490758379066805,-0.47490758379066805
categorical__seller_city_bom jardim,0.47436612882738827,-0.47436612882738827
categorical__customer_city_teolandia,0.4738914377006467,-0.4738914377006467
categorical__seller_city_bandeirantes,0.4737757653207643,-0.4737757653207643
categorical__customer_city_junqueiro,0.4727612362183714,-0.4727612362183714
categorical__customer_city_colorado,0.47207067374451006,-0.47207067374451006
categorical__seller_city_uba,0.47198732812621086,0.47198732812621086
categorical__customer_city_bacuri,0.4714172798321797,-0.4714172798321797
categorical__customer_city_matupa,0.47075267349122635,-0.47075267349122635
categorical__seller_city_coronel fabriciano,0.4698628055917335,0.4698628055917335
categorical__customer_city_irapuru,0.4691510706439797,-0.4691510706439797
categorical__customer_city_nova santa rita,0.46901244019973676,-0.46901244019973676
categorical__customer_city_dom aquino,0.4689294360559537,-0.4689294360559537
categorical__customer_city_alto rio doce,0.46866462081435273,-0.46866462081435273
categorical__customer_city_belo horizonte,0.4680124468591958,0.4680124468591958
categorical__customer_city_rio do campo,0.4675558694743071,-0.4675558694743071
categorical__seller_city_uberlandia,0.46740190870916015,0.46740190870916015
categorical__customer_city_terra roxa,0.4673634234942883,-0.4673634234942883
categorical__customer_city_irineopolis,0.4671840578696796,-0.4671840578696796
categorical__customer_city_imbituva,0.466835261083193,-0.466835261083193
categorical__customer_city_campina grande do sul,0.4666728625924658,-0.4666728625924658
categorical__customer_city_barro alto,0.4665934124220361,-0.4665934124220361
categorical__customer_city_altos,0.46590649773949516,-0.46590649773949516
categorical__seller_city_montes claros,0.46572955116397563,-0.46572955116397563
categorical__customer_city_salvador,0.4656195494869549,0.4656195494869549
categorical__customer_city_sao domingos do maranhao,0.4654553295723253,-0.4654553295723253
categorical__customer_city_deputado irapuan pinheiro,0.465349245290667,-0.465349245290667
categorical__customer_city_pastos bons,0.46418572252446655,-0.46418572252446655
categorical__customer_city_bela vista,0.4640831343376024,-0.4640831343376024
categorical__customer_city_maracacume,0.463803149788618,0.463803149788618
categorical__customer_city_cosmorama,0.46369961983464575,-0.46369961983464575
categorical__customer_city_ielmo marinho,0.4635500596835219,-0.4635500596835219
categorical__customer_city_manhuacu,0.46305262028829997,0.46305262028829997
categorical__customer_city_aracuai,0.46243037118957053,-0.46243037118957053
categorical__customer_city_carmo do cajuru,0.4617611487626542,-0.4617611487626542
categorical__customer_city_cacoal,0.4617018419067871,-0.4617018419067871
categorical__customer_city_natividade,0.461679910891799,0.461679910891799
categorical__customer_city_itabirito,0.4615339783490233,0.4615339783490233
categorical__customer_city_estreito,0.460870147991444,-0.460870147991444
categorical__customer_city_pindorama do tocantins,0.460612715655972,-0.460612715655972
categorical__customer_city_alto santo,0.45986527529335636,-0.45986527529335636
categorical__customer_city_novo progresso,0.45912419595123943,-0.45912419595123943
categorical__customer_city_embu,0.4590638146159998,-0.4590638146159998
categorical__customer_city_morro da fumaca,0.4583779069407895,-0.4583779069407895
categorical__customer_city_reboucas,0.4582234275364418,-0.4582234275364418
categorical__customer_city_bilac,0.4572693905385639,-0.4572693905385639
categorical__customer_city_sao jeronimo,0.4572399946632696,-0.4572399946632696
categorical__seller_city_araxa,0.45721642520957134,-0.45721642520957134
categorical__customer_city_apuiares,0.4568821524519306,-0.4568821524519306
categorical__product_category_name_consoles_games,0.45668853345532057,0.45668853345532057
categorical__customer_city_oros,0.4560250837354213,-0.4560250837354213
categorical__customer_city_pacaembu,0.45599345499371235,-0.45599345499371235
categorical__customer_city_nova olinda,0.4559600642475374,-0.4559600642475374
categorical__customer_city_xinguara,0.45581274571929276,0.45581274571929276
categorical__customer_city_macau,0.45537235049870434,-0.45537235049870434
categorical__product_category_name_fashion_calcados,0.4547534033071503,0.4547534033071503
categorical__customer_state_MT,0.4541069325064125,-0.4541069325064125
categorical__customer_city_juara,0.45331935747541025,-0.45331935747541025
categorical__customer_city_mozarlandia,0.4529395714927452,-0.4529395714927452
categorical__customer_city_caldeirao grande,0.4523323644257872,-0.4523323644257872
categorical__customer_city_santa luzia,0.4521062231693737,0.4521062231693737
categorical__customer_city_alpinopolis,0.4519303046950064,-0.4519303046950064
categorical__customer_city_pedro osorio,0.45182113254841255,-0.45182113254841255
categorical__customer_city_rio fortuna,0.45170561349362237,-0.45170561349362237
categorical__customer_city_mariluz,0.45164856498495,-0.45164856498495
categorical__customer_city_itapetim,0.4514720547402955,-0.4514720547402955
categorical__seller_city_cariacica,0.4513973336721497,0.4513973336721497
categorical__customer_city_santa cruz das palmeiras,0.45133163271792165,-0.45133163271792165
categorical__customer_city_cachoeira,0.45128890533044325,-0.45128890533044325
categorical__customer_city_jeremoabo,0.45078613713677995,0.45078613713677995
categorical__customer_city_estiva gerbi,0.4502225992848125,-0.4502225992848125
categorical__seller_city_cotia,0.4501888960329289,-0.4501888960329289
categorical__customer_city_turmalina,0.450186686962433,-0.450186686962433
categorical__customer_city_conchas,0.44989802427820863,0.44989802427820863
categorical__customer_city_palestina,0.4497402982229327,-0.4497402982229327
categorical__customer_city_serra dourada,0.44960162743122983,-0.44960162743122983
categorical__seller_city_capivari,0.4492529386780858,0.4492529386780858
categorical__customer_city_candido sales,0.4491542588280414,-0.4491542588280414
categorical__seller_city_afonso claudio,0.44912432227461313,-0.44912432227461313
categorical__customer_city_guamare,0.4490871872833402,-0.4490871872833402
categorical__customer_city_alto boa vista,0.44875797803373735,-0.44875797803373735
categorical__customer_city_candido rodrigues,0.4484687310719824,-0.4484687310719824
categorical__customer_city_armazem,0.44833151415719,-0.44833151415719
categorical__customer_city_sao bento do una,0.4478737798051831,-0.4478737798051831
categorical__customer_city_miranda,0.44754094906428704,-0.44754094906428704
categorical__customer_city_cruzeiro do oeste,0.4466787236963486,-0.4466787236963486
categorical__customer_city_brauna,0.44658954815109136,-0.44658954815109136
categorical__seller_city_alvares machado,0.44651686684557723,-0.44651686684557723
categorical__customer_city_quatigua,0.4461044503654969,-0.4461044503654969
categorical__customer_city_santa albertina,0.44599283467460077,-0.44599283467460077
categorical__customer_city_itanhaem,0.4458877161227594,-0.4458877161227594
categorical__customer_city_panorama,0.4457697281813362,-0.4457697281813362
categorical__customer_city_santo eduardo,0.44570487617090976,-0.44570487617090976
categorical__customer_city_piranhas,0.44554895448626075,-0.44554895448626075
categorical__customer_city_rio paranaiba,0.4447059495716763,-0.4447059495716763
categorical__customer_city_mallet,0.4442289549145571,-0.4442289549145571
categorical__customer_city_sao goncalo do rio abaixo,0.44407163925316817,-0.44407163925316817
categorical__customer_city_guaratinga,0.44390234566431264,-0.44390234566431264
categorical__customer_city_itamarandiba,0.44386592764628807,-0.44386592764628807
categorical__customer_city_conservatoria,0.4436114006556877,0.4436114006556877
categorical__customer_city_paranaiguara,0.44334222242889876,-0.44334222242889876
categorical__customer_city_goiatuba,0.443339462232101,0.443339462232101
categorical__customer_city_cocal do sul,0.4430846753608663,-0.4430846753608663
categorical__customer_city_barra de sao miguel,0.4430269225668949,-0.4430269225668949
categorical__customer_city_catigua,0.44295025010970307,-0.44295025010970307
categorical__customer_state_MS,0.4427211384050167,-0.4427211384050167
categorical__customer_city_lajinha,0.4421636774913697,-0.4421636774913697
categorical__customer_city_araruna,0.44190904378642204,-0.44190904378642204
categorical__seller_city_ribeirao das neves,0.44156975979948565,-0.44156975979948565
categorical__customer_city_nova santa rosa,0.4415483261970494,-0.4415483261970494
categorical__product_category_name_livros_interesse_geral,0.4411096483793742,0.4411096483793742
categorical__customer_city_sao valentim,0.4410233668229468,-0.4410233668229468
categorical__customer_city_curuca,0.44090826957967005,-0.44090826957967005
categorical__customer_city_arvorezinha,0.44055600939644307,-0.44055600939644307
categorical__customer_city_solonopole,0.44002470171977076,-0.44002470171977076
categorical__customer_city_rio brilhante,0.43999978563240083,0.43999978563240083
categorical__customer_city_pedro afonso,0.439865759702165,-0.439865759702165
categorical__customer_city_eunapolis,0.4394419837845346,-0.4394419837845346
categorical__seller_city_cuiaba,0.43943179575726893,0.43943179575726893
categorical__seller_city_jaguariuna,0.4391041800513135,0.4391041800513135
categorical__customer_city_tres coroas,0.438666469039864,-0.438666469039864
categorical__seller_city_ribeirao preto / sao paulo,0.43862618540066994,-0.43862618540066994
categorical__customer_city_alvorada do norte,0.4384606015937398,-0.4384606015937398
categorical__customer_city_conceicao do para,0.4379367910629651,-0.4379367910629651
categorical__customer_city_palmares do sul,0.4375153176153572,-0.4375153176153572
categorical__customer_city_governador lindenberg,0.4371909235863531,-0.4371909235863531
categorical__customer_city_dobrada,0.4362976731952164,-0.4362976731952164
categorical__customer_city_soledade de minas,0.43611715451952,-0.43611715451952
categorical__customer_city_fazenda nova,0.43557439606038,-0.43557439606038
categorical__customer_city_lavras da mangabeira,0.43546281618697363,-0.43546281618697363
categorical__customer_city_mantenopolis,0.43513455570957377,-0.43513455570957377
categorical__customer_city_mari,0.43487652593542075,-0.43487652593542075
categorical__customer_city_caieiras,0.43446177252555723,-0.43446177252555723
categorical__customer_city_ipubi,0.43441824431433984,-0.43441824431433984
categorical__customer_city_ibaiti,0.43427449084876546,-0.43427449084876546
categorical__customer_city_sao luis do curu,0.4339906592930335,-0.4339906592930335
categorical__customer_city_barbalha,0.4338680038105067,0.4338680038105067
categorical__seller_city_palhoca,0.4335292107930898,-0.4335292107930898
categorical__seller_city_juiz de fora,0.4332771173120278,-0.4332771173120278
categorical__customer_city_pato branco,0.433173211553332,-0.433173211553332
categorical__customer_city_santa quiteria,0.4321679158161209,-0.4321679158161209
categorical__customer_city_sao geraldo,0.43214212239305305,-0.43214212239305305
categorical__customer_city_caiana,0.4314670703349361,-0.4314670703349361
categorical__customer_city_tutoia,0.4313544011147617,-0.4313544011147617
categorical__seller_city_timbo,0.43131051950203864,-0.43131051950203864
categorical__customer_city_itaocara,0.4305689550255592,-0.4305689550255592
categorical__customer_city_santana do manhuacu,0.43043007278356865,-0.43043007278356865
categorical__customer_city_itapura,0.43002279938063354,-0.43002279938063354
categorical__customer_city_feira nova,0.42985729719491594,-0.42985729719491594
categorical__seller_city_maua,0.4293792349882729,-0.4293792349882729
categorical__seller_city_brasilia,0.4292402645208252,0.4292402645208252
categorical__customer_city_pacatuba,0.4291994111101952,-0.4291994111101952
categorical__customer_city_canelinha,0.42911113381020555,-0.42911113381020555
categorical__customer_city_marituba,0.42778629231130144,0.42778629231130144
categorical__customer_city_dom eliseu,0.4276233850192244,-0.4276233850192244
categorical__customer_city_colinas,0.4274482353539343,0.4274482353539343
categorical__customer_city_pimenteiras,0.4273594020608093,-0.4273594020608093
categorical__customer_city_gandu,0.4271222446994053,-0.4271222446994053
categorical__customer_city_cabrobo,0.42711415059028934,-0.42711415059028934
categorical__customer_city_vila dos cabanos,0.42697752597610455,0.42697752597610455
categorical__customer_city_igarapava,0.42669641246815104,-0.42669641246815104
categorical__seller_city_campina das missoes,0.42599535565558994,-0.42599535565558994
categorical__customer_city_guaracai,0.42593540135525326,-0.42593540135525326
categorical__seller_city_belo horizonte,0.42590256054854597,-0.42590256054854597
categorical__customer_city_sabinopolis,0.4258822501226452,-0.4258822501226452
categorical__customer_city_toropi,0.4258684896297305,-0.4258684896297305
categorical__seller_city_porto seguro,0.4254906188803017,-0.4254906188803017
categorical__seller_city_embu guacu,0.42515200565301,0.42515200565301
categorical__customer_city_rondonopolis,0.4248740950614797,0.4248740950614797
categorical__customer_city_condado,0.42485872232082816,-0.42485872232082816
categorical__customer_city_santa maria da boa vista,0.4248557990015753,-0.4248557990015753
categorical__customer_city_icem,0.42471254873055136,-0.42471254873055136
categorical__seller_state_RO,0.4246053968502629,-0.4246053968502629
categorical__customer_city_diamantino,0.4242937644415155,-0.4242937644415155
numeric__seller_customer_same_state,0.42412278858403185,-0.42412278858403185
categorical__customer_city_camutanga,0.4236313804993075,-0.4236313804993075
categorical__seller_city_sabara,0.4235977726008173,-0.4235977726008173
categorical__customer_city_balneario gaivota,0.4232068535431471,-0.4232068535431471
categorical__customer_city_florestal,0.42294494314136083,-0.42294494314136083
categorical__customer_city_conceicao da aparecida,0.4228988167742049,-0.4228988167742049
categorical__customer_city_sao jose dos cordeiros,0.42251159462042037,-0.42251159462042037
categorical__seller_city_sao jose dos pinhais,0.4220563046067159,-0.4220563046067159
categorical__customer_city_jordania,0.4218810188096142,-0.4218810188096142
categorical__customer_city_nova esperanca do piria,0.42171758504444046,-0.42171758504444046
categorical__customer_city_maria da fe,0.42074483050521694,-0.42074483050521694
categorical__seller_city_caxias do sul,0.42050548256835196,0.42050548256835196
categorical__customer_city_sales,0.42035101791145013,-0.42035101791145013
categorical__seller_city_sao bernardo do capo,0.42008282240370504,-0.42008282240370504
categorical__seller_city_jambeiro,0.420032882501201,-0.420032882501201
categorical__customer_city_lencois paulista,0.420003424624946,-0.420003424624946
categorical__customer_city_lagoa do ouro,0.41941337519424743,-0.41941337519424743
categorical__customer_city_cosmopolis,0.4192122017659823,-0.4192122017659823
categorical__customer_city_pirapetinga,0.4189702211050555,-0.4189702211050555
categorical__customer_city_urucui,0.41855063214009824,-0.41855063214009824
categorical__customer_city_peixoto de azevedo,0.4180197637353334,-0.4180197637353334
categorical__customer_city_blumenau,0.4179825309899406,0.4179825309899406
categorical__customer_city_ribeirao do pinhal,0.4176943702558732,-0.4176943702558732
categorical__customer_city_garanhuns,0.4176798040085044,-0.4176798040085044
categorical__customer_city_garibaldi,0.4175401399024709,-0.4175401399024709
categorical__seller_city_ferraz de vasconcelos,0.4172321153608012,-0.4172321153608012
categorical__customer_city_espinosa,0.41719436372569196,-0.41719436372569196
categorical__customer_city_jose de freitas,0.4169546363569328,-0.4169546363569328
categorical__customer_city_bom jesus da serra,0.41686313015707355,-0.41686313015707355
categorical__customer_state_PB,0.4166962402390333,0.4166962402390333
categorical__customer_city_peruibe,0.4165861751833429,0.4165861751833429
categorical__customer_city_fernando prestes,0.41653346523159474,-0.41653346523159474
categorical__customer_state_AC,0.4159843364418999,0.4159843364418999
categorical__customer_city_penedo,0.41595162181580936,-0.41595162181580936
categorical__customer_city_rio azul,0.41585573793707,-0.41585573793707
categorical__customer_city_frei martinho,0.41574029737017715,-0.41574029737017715
categorical__customer_city_cabo de santo agostinho,0.4153824376727479,0.4153824376727479
categorical__seller_city_porto alegre,0.4153281687832919,0.4153281687832919
categorical__seller_city_sao vicente,0.4151633986012792,-0.4151633986012792
categorical__customer_city_santa isabel do ivai,0.41514298343672756,-0.41514298343672756
categorical__customer_state_ES,0.41481164075928023,-0.41481164075928023
categorical__customer_city_ouricuri,0.41457901253710777,0.41457901253710777
categorical__customer_city_tiradentes,0.41453088403377863,-0.41453088403377863
categorical__customer_city_nepomuceno,0.4144561587033849,-0.4144561587033849
categorical__customer_city_palmital,0.41407436178557383,0.41407436178557383
categorical__customer_city_parambu,0.41372867094145754,-0.41372867094145754
categorical__seller_city_volta redonda,0.4137067367219852,0.4137067367219852
categorical__customer_city_aratuba,0.41366434345683695,-0.41366434345683695
categorical__customer_city_sao miguel do araguaia,0.4136378885704513,-0.4136378885704513
categorical__customer_city_tucunduva,0.4124858125915666,-0.4124858125915666
categorical__customer_city_campos altos,0.412205568944686,-0.412205568944686
categorical__customer_city_tupi paulista,0.41144707140518394,-0.41144707140518394
categorical__customer_city_pedro velho,0.411105660550353,-0.411105660550353
categorical__customer_city_jaiba,0.41103716488180947,-0.41103716488180947
categorical__customer_city_ribeiropolis,0.41066465064720165,-0.41066465064720165
categorical__seller_city_floranopolis,0.41058766749474485,-0.41058766749474485
categorical__customer_city_capivari de baixo,0.41013350023090017,-0.41013350023090017
categorical__seller_city_mogi das cruzes,0.40977728533474306,0.40977728533474306
categorical__customer_city_conceicao do rio verde,0.40968627582015765,-0.40968627582015765
categorical__seller_city_marilia,0.4096425916875957,0.4096425916875957
categorical__customer_city_conquista,0.4095849802152687,-0.4095849802152687
categorical__customer_city_cristais paulista,0.4095079009520048,-0.4095079009520048
categorical__customer_city_inhapim,0.40917576610856576,-0.40917576610856576
categorical__customer_city_colombia,0.40916345870800164,-0.40916345870800164
categorical__customer_city_palmeiras,0.4091008693231082,-0.4091008693231082
categorical__customer_city_pirangi,0.40908223023289325,-0.40908223023289325
categorical__customer_city_sao mateus do maranhao,0.4090460278801183,0.4090460278801183
categorical__seller_city_sao jose do rio pret,0.40873135121613824,-0.40873135121613824
categorical__customer_city_una,0.40873015933825374,0.40873015933825374
categorical__customer_city_sonora,0.40798359278099977,-0.40798359278099977
categorical__customer_city_barra do pirai,0.40766831863907205,-0.40766831863907205
categorical__customer_city_guarei,0.40688903179249697,-0.40688903179249697
categorical__customer_city_bady bassitt,0.4067375428670717,-0.4067375428670717
categorical__customer_city_irapua,0.406618217320389,-0.406618217320389
categorical__customer_city_sao martinho,0.4065451879233526,-0.4065451879233526
categorical__customer_city_areia branca,0.40582754372229896,-0.40582754372229896
categorical__customer_city_nova bassano,0.40565856516464066,-0.40565856516464066
categorical__customer_city_ubirata,0.40509508399504285,-0.40509508399504285
categorical__customer_city_araguatins,0.40494064836759913,-0.40494064836759913
categorical__customer_city_tanhacu,0.4049262615122632,-0.4049262615122632
categorical__customer_city_pedrinopolis,0.40481635463572696,-0.40481635463572696
categorical__customer_city_itarana,0.4040313053750515,-0.4040313053750515
categorical__customer_city_cacapava do sul,0.4034048790593863,-0.4034048790593863
categorical__customer_city_buriticupu,0.4028897187604992,-0.4028897187604992
categorical__customer_city_manga,0.40288091181903024,-0.40288091181903024
categorical__customer_city_rolante,0.40216295419769654,-0.40216295419769654
categorical__customer_city_iepe,0.40196381455432456,-0.40196381455432456
categorical__customer_city_guapiacu,0.40162590134884135,-0.40162590134884135
categorical__customer_city_trombudo central,0.4015696011944127,-0.4015696011944127
categorical__customer_city_arroio dos ratos,0.40072199816660314,-0.40072199816660314
categorical__seller_city_pedregulho,0.39985167340373784,-0.39985167340373784
categorical__customer_city_congonhal,0.3998419619548688,-0.3998419619548688
categorical__seller_city_teresopolis,0.39931467256293046,-0.39931467256293046
categorical__customer_city_inaja,0.3990087039848088,-0.3990087039848088
categorical__customer_city_carmo de minas,0.39796507289045013,-0.39796507289045013
categorical__customer_city_quixelo,0.3978943007894934,-0.3978943007894934
categorical__customer_city_perdizes,0.3974246148492014,-0.3974246148492014
categorical__customer_city_campos sales,0.39695861863279436,-0.39695861863279436
categorical__customer_city_caldas,0.39687291317489976,-0.39687291317489976
categorical__customer_city_sao miguel do iguacu,0.3965794585624985,-0.3965794585624985
categorical__customer_city_munhoz de melo,0.39641973513932116,-0.39641973513932116
categorical__customer_city_balsamo,0.39637145938918905,-0.39637145938918905
categorical__customer_city_cambuquira,0.3963347619502449,-0.3963347619502449
categorical__customer_city_buenopolis,0.39627884611819747,-0.39627884611819747
categorical__seller_city_imbituva,0.396110400849795,-0.396110400849795
categorical__customer_city_varzea alegre,0.3958437943721314,-0.3958437943721314
categorical__customer_city_bananal,0.39573947424510436,-0.39573947424510436
categorical__customer_city_encantado,0.395549386658423,-0.395549386658423
categorical__customer_city_poco redondo,0.39551745186488657,-0.39551745186488657
categorical__customer_city_presidente prudente,0.3954582239467642,0.3954582239467642
categorical__customer_city_frei inocencio,0.3951369159782955,-0.3951369159782955
categorical__seller_city_indaial,0.3949746140838106,-0.3949746140838106
categorical__customer_city_ariranha,0.3945871126797651,-0.3945871126797651
categorical__customer_city_salto do jacui,0.39402705677817224,-0.39402705677817224
categorical__seller_city_farroupilha,0.39374543693867203,0.39374543693867203
categorical__customer_city_piracicaba,0.39330903627199615,-0.39330903627199615
categorical__product_category_name_alimentos,0.39325706178270925,0.39325706178270925
categorical__customer_city_buriti dos lopes,0.39304690931481456,-0.39304690931481456
categorical__customer_city_santa cruz de minas,0.39285439836322783,-0.39285439836322783
categorical__customer_city_rio manso,0.3927994989543201,-0.3927994989543201
categorical__customer_city_xambioa,0.3911771854615878,-0.3911771854615878
categorical__customer_city_santa lucia,0.39085934668313377,-0.39085934668313377
categorical__seller_city_santa terezinha de itaipu,0.39073527154768484,0.39073527154768484
categorical__customer_city_ananindeua,0.3906652542486039,0.3906652542486039
categorical__customer_city_maracana,0.3904429716701213,-0.3904429716701213
categorical__customer_city_jaborandi,0.39014942185105156,-0.39014942185105156
categorical__customer_state_RN,0.3894871691001535,0.3894871691001535
categorical__seller_city_francisco morato,0.3892916886518217,-0.3892916886518217
categorical__customer_city_bequimao,0.3890813609342555,-0.3890813609342555
categorical__customer_city_irani,0.38896693233410423,-0.38896693233410423
categorical__customer_city_sao luis,0.388381313275466,0.388381313275466
categorical__customer_city_clementina,0.38821580377666237,-0.38821580377666237
categorical__customer_city_ivinhema,0.3879113843173882,-0.3879113843173882
categorical__seller_city_dores de campos,0.3879068311581999,-0.3879068311581999
categorical__product_category_name_fraldas_higiene,0.3878313739985608,-0.3878313739985608
categorical__customer_city_coronel joao sa,0.3876759196331173,-0.3876759196331173
categorical__customer_city_itaipulandia,0.3875169752160094,-0.3875169752160094
categorical__customer_city_botuvera,0.3873150390238981,-0.3873150390238981
categorical__customer_city_quixabeira,0.38724804517534694,-0.38724804517534694
categorical__customer_city_anadia,0.38697345690887963,-0.38697345690887963
categorical__customer_city_castelo do piaui,0.38692256322618546,-0.38692256322618546
categorical__customer_city_rio das ostras,0.3868065454945707,0.3868065454945707
categorical__customer_city_patu,0.38629577431204676,-0.38629577431204676
categorical__seller_city_tiete,0.38588295200481737,-0.38588295200481737
categorical__customer_city_correntina,0.3858455482830547,-0.3858455482830547
categorical__customer_city_colombo,0.3856909197160994,0.3856909197160994
categorical__customer_city_terra nova do norte,0.38510197277456204,-0.38510197277456204
categorical__customer_city_cachoeiras de macacu,0.3850985185958111,0.3850985185958111
categorical__seller_city_araraquara,0.3846454199375093,0.3846454199375093
categorical__customer_city_jaguarao,0.3846173345995723,-0.3846173345995723
categorical__customer_city_tarumirim,0.3843854694833127,-0.3843854694833127
categorical__customer_city_monte azul,0.3843053997722844,-0.3843053997722844
categorical__customer_city_granja,0.3842866643878007,0.3842866643878007
categorical__customer_city_barra do ribeiro,0.38402822018891464,-0.38402822018891464
categorical__customer_city_alfredo wagner,0.3834655423134557,-0.3834655423134557
categorical__customer_city_monte alegre,0.38324558168180084,-0.38324558168180084
categorical__customer_city_ibiraci,0.38267550747028123,-0.38267550747028123
categorical__customer_city_esperantinopolis,0.38256757591694257,-0.38256757591694257
categorical__seller_city_mineiros do tiete,0.38256519028100494,0.38256519028100494
categorical__customer_city_irece,0.38253850583911225,-0.38253850583911225
categorical__customer_city_itarantim,0.3818806167358519,-0.3818806167358519
categorical__seller_city_taubate,0.3818165201087612,0.3818165201087612
categorical__customer_city_itapagipe,0.3815755011744405,-0.3815755011744405
categorical__customer_city_tiros,0.38118255044754057,-0.38118255044754057
categorical__customer_city_ipiabas,0.3807546831470672,-0.3807546831470672
categorical__customer_city_amparo,0.3805145316631683,0.3805145316631683
categorical__customer_city_irape,0.3801985752440052,-0.3801985752440052
categorical__customer_city_urandi,0.38019521045352805,-0.38019521045352805
categorical__customer_city_nova cantu,0.380121698590989,-0.380121698590989
categorical__customer_city_rancharia,0.3796469953238813,0.3796469953238813
categorical__customer_city_severinia,0.37957353746702494,-0.37957353746702494
categorical__customer_city_jandaira,0.3781115528358983,-0.3781115528358983
categorical__customer_city_bom sucesso,0.3778217637588898,-0.3778217637588898
categorical__customer_city_inubia paulista,0.3776242002981429,-0.3776242002981429
categorical__customer_city_santa maria do para,0.3774172269456536,-0.3774172269456536
categorical__customer_city_canitar,0.3771383944569563,-0.3771383944569563
categorical__customer_city_colonia leopoldina,0.37692184536586004,-0.37692184536586004
categorical__customer_city_mae do rio,0.3767670492784853,-0.3767670492784853
categorical__customer_city_jaguarembe,0.37673252498418713,-0.37673252498418713
categorical__customer_city_sorocaba,0.3767270911951824,-0.3767270911951824
categorical__customer_city_oeiras,0.3766875628788917,-0.3766875628788917
categorical__customer_city_santa rita de caldas,0.37657398994062863,-0.37657398994062863
categorical__customer_city_itambacuri,0.37614328299579375,-0.37614328299579375
categorical__customer_city_marechal floriano,0.37571921984079754,-0.37571921984079754
categorical__customer_city_cachoeira de minas,0.37563346683414117,-0.37563346683414117
categorical__customer_city_itapira,0.37557438524152464,0.37557438524152464
categorical__customer_city_sape,0.37510288339150333,-0.37510288339150333
categorical__customer_city_roseira,0.37455510456249297,-0.37455510456249297
categorical__customer_city_sao paulo do potengi,0.3741106888280133,-0.3741106888280133
categorical__customer_city_sao miguel do aleixo,0.37395896586643657,-0.37395896586643657
categorical__customer_city_sao jose do cerrito,0.3739327451975877,-0.3739327451975877
categorical__customer_city_bom conselho,0.37385808363958595,-0.37385808363958595
categorical__customer_city_corumbaiba,0.3730386477155138,-0.3730386477155138
categorical__customer_city_abatia,0.3729241248995774,-0.3729241248995774
categorical__customer_city_campestre,0.3726997982425576,-0.3726997982425576
categorical__customer_city_rio de contas,0.37253444603706676,-0.37253444603706676
categorical__customer_city_jardim do serido,0.3723786293582593,-0.3723786293582593
categorical__customer_city_maragogipe,0.37221624288197086,-0.37221624288197086
categorical__customer_city_ervalia,0.37220579731737197,-0.37220579731737197
categorical__customer_city_macae,0.3720736342716844,0.3720736342716844
categorical__customer_city_sao sebastiao do paraiba,0.3719722109902673,-0.3719722109902673
categorical__customer_city_guaranta,0.371738554568067,-0.371738554568067
categorical__customer_city_uniao do sul,0.37150268783956075,-0.37150268783956075
categorical__customer_city_alianca do tocantins,0.37125411320129326,-0.37125411320129326
categorical__customer_city_sitio do quinto,0.3711894444991738,-0.3711894444991738
categorical__customer_city_cachoeira alta,0.37112548693425335,-0.37112548693425335
categorical__customer_city_lagoinha,0.3708710345815638,-0.3708710345815638
categorical__customer_city_alto jequitiba,0.37049356795902527,-0.37049356795902527
categorical__customer_city_taiuva,0.37040055137264677,-0.37040055137264677
categorical__customer_city_pirauba,0.3702242176380156,-0.3702242176380156
categorical__customer_city_guaranta do norte,0.3701282286715827,-0.3701282286715827
categorical__customer_city_sao paulo,0.36997295323207985,0.36997295323207985
categorical__customer_city_palmitinho,0.36949405831392673,-0.36949405831392673
categorical__customer_city_augusto correa,0.36932966194629685,-0.36932966194629685
categorical__seller_city_barbacena/ minas gerais,0.36931289820922714,-0.36931289820922714
categorical__seller_state_SE,0.36926724553802454,-0.36926724553802454
categorical__customer_city_materlandia,0.36907759319102057,-0.36907759319102057
categorical__customer_city_guimaraes,0.3689438625053565,-0.3689438625053565
categorical__customer_city_arinos,0.3687525573525155,-0.3687525573525155
categorical__customer_city_pongai,0.36866566566789183,-0.36866566566789183
categorical__seller_city_tatui,0.36845108179958264,0.36845108179958264
categorical__seller_city_cachoeirinha,0.36830293099704736,0.36830293099704736
categorical__customer_city_ipiacu,0.36774973217151263,-0.36774973217151263
categorical__customer_city_lorena,0.367744027487976,0.367744027487976
categorical__customer_city_ibicoara,0.367686250034425,-0.367686250034425
categorical__customer_city_jijoca de jericoacoara,0.3676851476356761,-0.3676851476356761
categorical__customer_city_campo do meio,0.3674648826914999,-0.3674648826914999
categorical__customer_city_santo amaro das brotas,0.3672571770318154,-0.3672571770318154
categorical__customer_city_jussara,0.36694843176982866,-0.36694843176982866
categorical__customer_city_meleiro,0.3668493079285106,-0.3668493079285106
categorical__customer_city_engenheiro paulo de frontin,0.36680404212958373,0.36680404212958373
categorical__customer_city_itupiranga,0.3666771608542386,-0.3666771608542386
categorical__customer_city_ibipitanga,0.3664038406904782,-0.3664038406904782
categorical__customer_city_cabralia paulista,0.3663987708298027,-0.3663987708298027
categorical__product_category_name_alimentos_bebidas,0.3660376203649953,-0.3660376203649953
categorical__customer_city_chale,0.36592840191257897,-0.36592840191257897
categorical__seller_city_rio do oeste,0.36587738878150133,-0.36587738878150133
categorical__customer_city_sapezal,0.3658624643481675,-0.3658624643481675
categorical__customer_city_campo grande,0.36563794929690074,0.36563794929690074
categorical__seller_city_rio do sul,0.3655763117440341,-0.3655763117440341
categorical__customer_city_ibirataia,0.3652000877445455,-0.3652000877445455
categorical__customer_city_matias olimpio,0.3648403269846516,-0.3648403269846516
categorical__seller_city_guaratuba,0.3645913116947483,0.3645913116947483
categorical__seller_city_serra,0.36433168998387216,-0.36433168998387216
categorical__customer_city_indiara,0.36424362937441784,-0.36424362937441784
categorical__customer_city_sapucai-mirim,0.3639261431034805,-0.3639261431034805
categorical__customer_city_lagoa real,0.3637492776775242,-0.3637492776775242
categorical__customer_city_arraial d'ajuda,0.36352354876057963,0.36352354876057963
categorical__customer_city_belford roxo,0.3633213063434791,-0.3633213063434791
categorical__customer_city_verissimo,0.36309608290408185,-0.36309608290408185
categorical__customer_city_arroio do tigre,0.3630396369078427,-0.3630396369078427
categorical__customer_city_uniao da vitoria,0.36286216207245087,0.36286216207245087
categorical__customer_city_crisopolis,0.3626135761396385,-0.3626135761396385
categorical__seller_city_sao paluo,0.36205988543515055,-0.36205988543515055
categorical__customer_city_graccho cardoso,0.36182248338636097,-0.36182248338636097
categorical__customer_city_joanopolis,0.3613020542611165,-0.3613020542611165
categorical__customer_city_vargem bonita,0.36121770640841216,-0.36121770640841216
categorical__seller_city_rio negrinho,0.3608401736564221,-0.3608401736564221
categorical__customer_city_santo antonio das missoes,0.36077121244169424,-0.36077121244169424
categorical__customer_city_ribeirao vermelho,0.3606406780824913,-0.3606406780824913
categorical__customer_city_irai,0.36050513709787807,-0.36050513709787807
categorical__customer_city_ouro verde,0.36035074431027103,-0.36035074431027103
categorical__customer_city_sao domingos do araguaia,0.36018569109523774,-0.36018569109523774
categorical__customer_city_borborema,0.3600680555304457,-0.3600680555304457
categorical__customer_city_ibiapina,0.35984739554536793,-0.35984739554536793
categorical__product_category_name_telefonia,0.35981164467256416,0.35981164467256416
categorical__seller_city_fronteira,0.3593616152059258,-0.3593616152059258
categorical__customer_city_morada nova de minas,0.35916873694311857,-0.35916873694311857
categorical__customer_city_tibagi,0.35896168762797587,-0.35896168762797587
categorical__customer_city_ubaporanga,0.3585996735721234,-0.3585996735721234
categorical__customer_city_tuparetama,0.358587528615716,-0.358587528615716
categorical__customer_city_erechim,0.358587206140346,0.358587206140346
categorical__product_category_name_instrumentos_musicais,0.35855163490485636,0.35855163490485636
categorical__customer_city_guarulhos,0.35840210637992365,0.35840210637992365
categorical__customer_city_cidreira,0.35796233580783227,-0.35796233580783227
categorical__customer_city_luis antonio,0.35760022510750694,-0.35760022510750694
categorical__seller_city_aparecida,0.3573399324969266,0.3573399324969266
categorical__customer_city_formoso,0.3572517389105805,-0.3572517389105805
categorical__customer_city_saudades,0.35708705815234343,-0.35708705815234343
categorical__customer_city_centro novo do maranhao,0.35697558293822357,-0.35697558293822357
categorical__customer_city_itabera,0.356738089751984,-0.356738089751984
categorical__customer_city_buenos aires,0.35620477469141987,-0.35620477469141987
categorical__customer_city_mirandiba,0.3560165240006565,-0.3560165240006565
categorical__product_category_name_dvds_blu_ray,0.3558492005419202,0.3558492005419202
categorical__customer_city_brazabrantes,0.3557681415355245,-0.3557681415355245
categorical__customer_city_itapissuma,0.3553857904166558,-0.3553857904166558
categorical__customer_city_baturite,0.3548719167584631,-0.3548719167584631
categorical__customer_city_tambau,0.3547867592841463,0.3547867592841463
categorical__customer_city_angra dos reis,0.35476039895126626,0.35476039895126626
categorical__customer_city_carbonita,0.3546448619733399,-0.3546448619733399
categorical__customer_city_bonfim,0.35455967728920523,-0.35455967728920523
categorical__customer_city_maximiliano de almeida,0.3543606777061653,-0.3543606777061653
categorical__customer_city_alfredo vasconcelos,0.354173076260034,-0.354173076260034
categorical__customer_city_sidrolandia,0.3539646370318829,0.3539646370318829
categorical__customer_city_itaueira,0.35347002009148887,-0.35347002009148887
categorical__customer_city_vargem grande,0.35339290891453484,-0.35339290891453484
categorical__customer_city_macuco,0.35338323260203097,-0.35338323260203097
categorical__customer_city_inhauma,0.3528789498708103,-0.3528789498708103
categorical__customer_city_nazare paulista,0.35270607972384765,-0.35270607972384765
categorical__customer_city_riacho dos machados,0.35269979575945254,-0.35269979575945254
categorical__customer_city_inacio martins,0.35264558374405297,-0.35264558374405297
categorical__customer_city_sao jose da barra,0.35261686725943503,-0.35261686725943503
categorical__customer_city_cuite,0.35253673930446133,-0.35253673930446133
categorical__customer_city_santa terezinha de itaipu,0.3524529444082174,-0.3524529444082174
categorical__customer_city_indiapora,0.35241372061187465,-0.35241372061187465
categorical__seller_city_itapevi,0.35239549731456465,-0.35239549731456465
categorical__customer_city_cacequi,0.3520584162797745,-0.3520584162797745
categorical__customer_city_sao joao do piaui,0.35121037579494513,-0.35121037579494513
categorical__customer_city_campinas do sul,0.35116800057388065,-0.35116800057388065
categorical__seller_city_pedro leopoldo,0.3511541994909241,-0.3511541994909241
categorical__customer_city_aguas formosas,0.3507755272734648,-0.3507755272734648
categorical__customer_city_palmitos,0.3507665793078897,-0.3507665793078897
categorical__customer_city_trairi,0.3506115021333588,-0.3506115021333588
categorical__customer_city_cassia,0.350291461762697,-0.350291461762697
categorical__customer_city_parai,0.3500087254333061,-0.3500087254333061
categorical__customer_city_dom feliciano,0.3496131531894425,-0.3496131531894425
categorical__customer_city_iguatama,0.34924120320332414,-0.34924120320332414
categorical__customer_city_luminarias,0.3491252008588012,-0.3491252008588012
categorical__customer_city_cocalinho,0.34885401255750653,-0.34885401255750653
categorical__customer_city_santana dos montes,0.34859044046444504,-0.34859044046444504
categorical__customer_city_mirante do paranapanema,0.3485831759118995,-0.3485831759118995
categorical__customer_city_icatu,0.3484518268658263,-0.3484518268658263
categorical__customer_city_estacao,0.3484319840793574,-0.3484319840793574
categorical__customer_city_arraias,0.34774133959319886,-0.34774133959319886
categorical__customer_city_monte alegre de sergipe,0.3472716224572157,-0.3472716224572157
categorical__customer_city_curitiba,0.34717385735857026,0.34717385735857026
categorical__seller_city_tupa,0.34691287009145233,-0.34691287009145233
categorical__seller_city_artur nogueira,0.3467866179712043,0.3467866179712043
categorical__customer_city_camaragibe,0.3466853196080921,-0.3466853196080921
categorical__customer_city_rosana,0.3460210111390355,-0.3460210111390355
categorical__customer_city_ribeirao bonito,0.34523083600478965,-0.34523083600478965
categorical__customer_city_independencia,0.3450352349971609,-0.3450352349971609
categorical__customer_city_carai,0.34482272464323366,-0.34482272464323366
categorical__customer_city_valenca,0.3442823018300892,0.3442823018300892
categorical__customer_city_ventania,0.34397460404055313,-0.34397460404055313
categorical__customer_city_acu,0.34355128833006543,-0.34355128833006543
categorical__customer_city_sete barras,0.3431042657723281,-0.3431042657723281
categorical__customer_city_tocantins,0.34283856132674023,-0.34283856132674023
categorical__customer_city_canapolis,0.3424837691959164,-0.3424837691959164
categorical__customer_city_butia,0.34242357105065735,-0.34242357105065735
categorical__customer_city_barro preto,0.34196941786159085,-0.34196941786159085
categorical__customer_city_herculandia,0.3417793437161487,-0.3417793437161487
categorical__customer_city_cerro grande do sul,0.3414483834940798,-0.3414483834940798
categorical__customer_city_santa isabel do rio preto,0.3412949893827214,-0.3412949893827214
categorical__customer_city_assare,0.34118653954727307,-0.34118653954727307
categorical__customer_city_buritizal,0.3410955614477524,-0.3410955614477524
categorical__customer_city_urubici,0.34096193357167265,-0.34096193357167265
categorical__seller_city_pelotas,0.34042055850400893,-0.34042055850400893
categorical__customer_city_itaju do colonia,0.34041277765832156,-0.34041277765832156
categorical__customer_city_grao para,0.3402749167180927,-0.3402749167180927
categorical__customer_city_sao romao,0.34013735223750025,-0.34013735223750025
categorical__customer_city_bela vista do paraiso,0.34001902119070265,-0.34001902119070265
categorical__customer_city_entre rios,0.3398502521576411,-0.3398502521576411
categorical__product_category_name_eletronicos,0.339740141873388,0.339740141873388
categorical__customer_city_vila flores,0.33939701111839543,-0.33939701111839543
categorical__customer_city_sertao,0.3393929264019663,-0.3393929264019663
categorical__seller_city_jaguaruna,0.3387403306908137,0.3387403306908137
categorical__customer_city_cambiasca,0.338183041565166,-0.338183041565166
categorical__customer_city_sao jose do ribeirao,0.33800653327564045,-0.33800653327564045
categorical__customer_city_mariapolis,0.33735718064434606,-0.33735718064434606
categorical__customer_city_satubinha,0.33725846600247483,-0.33725846600247483
categorical__customer_city_iati,0.3367730394097417,-0.3367730394097417
categorical__customer_city_centenario do sul,0.3364058201996805,-0.3364058201996805
categorical__product_category_name_artigos_de_natal,0.33607796867244455,0.33607796867244455
categorical__customer_city_peabiru,0.33604739122378147,-0.33604739122378147
categorical__seller_city_santa cruz do sul,0.33592200355663293,-0.33592200355663293
categorical__customer_city_jaquirana,0.33571842690477255,-0.33571842690477255
categorical__customer_city_cortes,0.33570587972116206,-0.33570587972116206
categorical__customer_city_engenheiro passos,0.3356929288804,-0.3356929288804
categorical__customer_city_denise,0.3351328312439315,-0.3351328312439315
categorical__customer_city_crissiumal,0.335126367054044,-0.335126367054044
categorical__customer_city_presidente kennedy,0.33500148503447663,-0.33500148503447663
categorical__customer_city_rio do antonio,0.3349763082825183,-0.3349763082825183
categorical__customer_city_itapora,0.33497601829783047,-0.33497601829783047
categorical__customer_city_diamante do norte,0.3348311607438761,-0.3348311607438761
categorical__customer_city_santa rosa de lima,0.3347891413716489,-0.3347891413716489
categorical__customer_city_aquidaba,0.3347887496573625,-0.3347887496573625
categorical__customer_city_gaspar,0.3347073665593028,-0.3347073665593028
categorical__customer_city_atalanta,0.33460190306514703,-0.33460190306514703
categorical__customer_city_espigao,0.33421073955781955,-0.33421073955781955
categorical__customer_city_pejucara,0.33415569728014655,-0.33415569728014655
categorical__customer_city_carangola,0.33406451623333017,0.33406451623333017
categorical__customer_city_satiro dias,0.33373490617812845,-0.33373490617812845
"categorical__seller_city_rio de janeiro, rio de janeiro, brasil",0.3337255400905734,-0.3337255400905734
categorical__customer_city_garuva,0.3332733033743406,-0.3332733033743406
categorical__customer_city_itaitinga,0.33314964470936254,-0.33314964470936254
categorical__customer_city_carmo da mata,0.33312867397176027,-0.33312867397176027
categorical__customer_city_alhandra,0.33304882625818766,-0.33304882625818766
categorical__customer_city_vitoria do mearim,0.3329924793242524,-0.3329924793242524
categorical__customer_city_barbacena,0.33294719266432987,0.33294719266432987
categorical__customer_city_sao miguel das matas,0.3328390446085557,-0.3328390446085557
categorical__customer_city_jacupiranga,0.3327952591614778,-0.3327952591614778
categorical__customer_city_jaru,0.33272588662484553,-0.33272588662484553
categorical__customer_city_divinolandia de minas,0.332588439232711,-0.332588439232711
categorical__customer_city_uruana,0.3324430190798712,-0.3324430190798712
categorical__customer_city_balneario barra do sul,0.33196150115696954,-0.33196150115696954
categorical__customer_city_sertanopolis,0.33165823740293626,-0.33165823740293626
categorical__seller_city_santa maria,0.3315430053579921,-0.3315430053579921
categorical__product_category_name_papelaria,0.3313195699264459,0.3313195699264459
categorical__customer_city_olho d'agua das cunhas,0.3310577114474901,-0.3310577114474901
categorical__customer_city_timbe do sul,0.3309105813191558,-0.3309105813191558
categorical__customer_city_luzilandia,0.3308798680176122,-0.3308798680176122
categorical__customer_city_bituruna,0.3307005073844332,-0.3307005073844332
categorical__customer_city_papagaios,0.33053624539428783,-0.33053624539428783
categorical__customer_city_sao pedro dos ferros,0.3305302655934687,-0.3305302655934687
categorical__customer_city_castro alves,0.33050860779910773,-0.33050860779910773
categorical__customer_city_reserva do cabacal,0.33050680631536594,-0.33050680631536594
categorical__seller_city_rio verde,0.33048566832310056,-0.33048566832310056
categorical__customer_city_chaval,0.33026275633675295,-0.33026275633675295
categorical__customer_city_pindobacu,0.3298896193830444,-0.3298896193830444
categorical__customer_city_tres barras,0.3297152208975049,-0.3297152208975049
categorical__customer_city_rolim de moura,0.3293681291983974,-0.3293681291983974
categorical__customer_city_pirenopolis,0.32898204915386997,-0.32898204915386997
categorical__customer_city_cariacica,0.32882473025312803,0.32882473025312803
categorical__seller_city_pompeia,0.32839890415060324,-0.32839890415060324
categorical__customer_city_rio novo,0.3281672689868297,-0.3281672689868297
categorical__customer_city_sao gabriel da palha,0.3277267657850808,-0.3277267657850808
categorical__customer_city_francisco dumont,0.3276699936671395,-0.3276699936671395
categorical__customer_city_novo repartimento,0.32712315445166984,-0.32712315445166984
categorical__customer_city_volta redonda,0.3267149010789454,0.3267149010789454
categorical__customer_city_bom jesus do querendo,0.3265795615227344,-0.3265795615227344
categorical__customer_city_papucaia,0.32612729672209245,0.32612729672209245
categorical__customer_city_tabocas do brejo velho,0.3255168654777483,-0.3255168654777483
categorical__customer_city_itubera,0.3254781847152282,-0.3254781847152282
categorical__customer_city_sao tome,0.3253162559687823,-0.3253162559687823
categorical__customer_city_espigao do oeste,0.32513086876857616,-0.32513086876857616
categorical__customer_city_rio do oeste,0.32494462802742935,-0.32494462802742935
categorical__customer_city_uchoa,0.32455552869086507,-0.32455552869086507
categorical__customer_city_cardoso,0.3244931301946263,-0.3244931301946263
categorical__seller_city_rio das pedras,0.32430944624038377,-0.32430944624038377
categorical__customer_city_nova olimpia,0.324219946841029,-0.324219946841029
categorical__seller_city_diadema,0.32318387322898773,0.32318387322898773
categorical__customer_city_rio piracicaba,0.3223484708632015,-0.3223484708632015
categorical__customer_city_cravolandia,0.3220951748334353,-0.3220951748334353
categorical__customer_city_itapuranga,0.32209222533439225,-0.32209222533439225
categorical__customer_city_ibicare,0.3217304809663983,-0.3217304809663983
categorical__customer_city_morrinhos,0.3216951471164137,-0.3216951471164137
categorical__customer_city_vera,0.3213247226403055,-0.3213247226403055
categorical__customer_city_antonio cardoso,0.3210992663112624,-0.3210992663112624
categorical__customer_city_santana do jacare,0.3209879567246174,-0.3209879567246174
categorical__seller_city_praia grande,0.3207941298833907,0.3207941298833907
categorical__customer_city_encruzilhada do sul,0.31995128614844714,-0.31995128614844714
categorical__customer_city_pinheiral,0.31962087272835976,-0.31962087272835976
categorical__customer_city_sao jose dos pinhais,0.3194608116768032,0.3194608116768032
categorical__customer_city_taio,0.31927873850874566,0.31927873850874566
categorical__customer_city_manfrinopolis,0.319199105296751,-0.319199105296751
categorical__customer_city_canaa dos carajas,0.3185924900375123,0.3185924900375123
categorical__customer_city_dores de campos,0.31843445868849185,-0.31843445868849185
categorical__customer_city_quilometro 14 do mutum,0.31840014437202246,-0.31840014437202246
categorical__customer_city_tapiramuta,0.3182962709091802,-0.3182962709091802
categorical__customer_state_AM,0.31819790066238735,0.31819790066238735
categorical__customer_city_itatinga,0.3179320533043342,-0.3179320533043342
categorical__customer_city_olindina,0.3177005958100646,-0.3177005958100646
categorical__customer_city_santo amaro,0.31760208886209595,0.31760208886209595
categorical__customer_city_jacarei,0.3174804871454223,0.3174804871454223
categorical__customer_state_PI,0.31730093163021234,-0.31730093163021234
categorical__customer_city_conceicao,0.3172977003338979,-0.3172977003338979
categorical__customer_city_bela cruz,0.31716016671800107,-0.31716016671800107
categorical__customer_city_paragominas,0.3171155436672732,-0.3171155436672732
categorical__customer_city_bonfim paulista,0.31705752688143474,0.31705752688143474
categorical__customer_city_capim grosso,0.31695332209743504,-0.31695332209743504
categorical__customer_city_ataleia,0.3168142244085406,-0.3168142244085406
categorical__customer_city_uberaba,0.3166656525835873,0.3166656525835873
categorical__customer_city_itabela,0.31629975617249695,0.31629975617249695
categorical__customer_city_seara,0.3161432427295754,-0.3161432427295754
categorical__seller_city_rio de janeiro,0.31604618012860886,0.31604618012860886
categorical__customer_city_vicencia,0.3156855929042139,-0.3156855929042139
categorical__seller_city_cachoeira do sul,0.3155625829536398,-0.3155625829536398
categorical__customer_city_ipora,0.3155118050489901,0.3155118050489901
categorical__product_category_name_musica,0.3154638983985336,0.3154638983985336
categorical__customer_city_upanema,0.3153192502002094,-0.3153192502002094
categorical__customer_city_nova itaberaba,0.3152554389379399,-0.3152554389379399
categorical__customer_city_timoteo,0.31519811703760675,-0.31519811703760675
categorical__customer_city_maravilhas,0.315134388903922,-0.315134388903922
categorical__customer_city_abrantes,0.31507407948280286,-0.31507407948280286
categorical__product_category_name_bebes,0.3146423852902214,0.3146423852902214
categorical__customer_city_igaracu do tiete,0.31458080806253585,-0.31458080806253585
categorical__customer_city_jatai,0.31455711913143525,-0.31455711913143525
categorical__customer_city_tombos,0.31430208750720934,-0.31430208750720934
categorical__customer_city_estrela do norte,0.3141744747943144,-0.3141744747943144
categorical__customer_city_fruta de leite,0.3139910074119236,-0.3139910074119236
categorical__customer_city_santa cruz de monte castelo,0.31377550307617647,-0.31377550307617647
categorical__customer_city_palma,0.3136489147996689,-0.3136489147996689
categorical__customer_city_terra boa,0.3133656369012011,-0.3133656369012011
categorical__customer_city_cruzilia,0.31334382281485695,-0.31334382281485695
categorical__customer_city_araci,0.31287398587097215,-0.31287398587097215
categorical__customer_city_anitapolis,0.3122578433236933,-0.3122578433236933
categorical__customer_city_cajueiro,0.3120669294491666,-0.3120669294491666
categorical__customer_city_alto caparao,0.31200854841304076,-0.31200854841304076
categorical__customer_city_cerro azul,0.3118492018498674,-0.3118492018498674
categorical__customer_city_votorantim,0.3116498012329986,0.3116498012329986
categorical__customer_city_embu das artes,0.3114752663961214,0.3114752663961214
categorical__customer_city_sideropolis,0.3113440130026016,-0.3113440130026016
categorical__customer_city_itapirapua,0.3113226191214589,-0.3113226191214589
categorical__customer_city_santo antonio do jardim,0.31093576925232963,-0.31093576925232963
categorical__customer_city_nuporanga,0.3108307963897912,-0.3108307963897912
categorical__customer_city_pedreira,0.3102639871135456,-0.3102639871135456
categorical__customer_city_mocajuba,0.31020704275198263,-0.31020704275198263
categorical__customer_city_orizona,0.3101966473902877,-0.3101966473902877
categorical__customer_city_castelandia,0.31015599630205776,-0.31015599630205776
categorical__seller_city_fortaleza,0.3100134229699019,0.3100134229699019
categorical__customer_city_acaiaca,0.3099869206245862,-0.3099869206245862
categorical__customer_city_santo antonio do amparo,0.30984857953595474,-0.30984857953595474
categorical__customer_city_belem,0.30959506501147,-0.30959506501147
categorical__customer_city_wagner,0.30937802465310904,-0.30937802465310904
categorical__customer_city_portelandia,0.30920571962152343,-0.30920571962152343
categorical__customer_city_ourinhos,0.30915076159952964,0.30915076159952964
categorical__customer_city_gastao vidigal,0.3091273154108253,-0.3091273154108253
categorical__customer_state_BA,0.308585924613706,0.308585924613706
categorical__seller_city_auriflama/sp,0.30841717654001033,-0.30841717654001033
categorical__customer_city_paraiba do sul,0.3082116147253614,0.3082116147253614
categorical__customer_city_sitio novo,0.30813652278782616,-0.30813652278782616
categorical__customer_city_sebastiao leal,0.30807820796544777,-0.30807820796544777
categorical__customer_city_colniza,0.3077232723557879,-0.3077232723557879
categorical__customer_city_linhares,0.3073100475490028,-0.3073100475490028
categorical__seller_city_sao francisco do sul,0.3068786110086057,-0.3068786110086057
categorical__customer_city_brasilandia,0.30616375627546094,-0.30616375627546094
categorical__customer_city_ipu,0.3060204866965589,-0.3060204866965589
categorical__customer_city_ibiai,0.3059138853288705,-0.3059138853288705
categorical__customer_city_rio pardo de minas,0.30579247259325354,-0.30579247259325354
categorical__customer_city_sud mennucci,0.30576562979870936,-0.30576562979870936
categorical__customer_city_itaobim,0.3053229378044515,-0.3053229378044515
categorical__customer_city_coronel vivida,0.30531851050547665,-0.30531851050547665
categorical__customer_city_rio branco do sul,0.3051814434978163,-0.3051814434978163
categorical__customer_city_presidente olegario,0.30510664944684507,-0.30510664944684507
categorical__customer_city_amanari,0.30503560221369125,-0.30503560221369125
categorical__customer_city_hidreletrica tucurui,0.30436617807607347,-0.30436617807607347
categorical__customer_city_doverlandia,0.30408833680103337,-0.30408833680103337
categorical__customer_city_paranaita,0.3039575086558645,-0.3039575086558645
categorical__customer_city_itaquitinga,0.3039353829041771,-0.3039353829041771
categorical__customer_city_tenente portela,0.30358393907598985,-0.30358393907598985
categorical__customer_city_rio pardo,0.3032620881169184,-0.3032620881169184
categorical__seller_city_guiricema,0.30321417396746,-0.30321417396746
categorical__customer_city_tres pontas,0.3030673804806993,0.3030673804806993
categorical__customer_city_caravelas,0.3025845971417196,-0.3025845971417196
categorical__customer_city_arataca,0.3019939058339111,-0.3019939058339111
categorical__customer_city_aurora do para,0.3016774594024522,-0.3016774594024522
categorical__customer_city_feira de santana,0.30152426706177143,-0.30152426706177143
categorical__customer_city_urucuca,0.30126232403356157,-0.30126232403356157
categorical__customer_city_cachoeira dourada,0.3011844086678159,-0.3011844086678159
categorical__seller_city_brasilia df,0.300781309662145,-0.300781309662145
categorical__customer_city_japaratuba,0.30062633353966295,-0.30062633353966295
categorical__seller_city_rio de janeiro \rio de janeiro,0.30012062429827535,0.30012062429827535
categorical__seller_city_garulhos,0.30007192503025776,0.30007192503025776
categorical__customer_city_sao felix do coribe,0.29979803209855255,-0.29979803209855255
categorical__customer_city_valparaiso,0.2996865816802701,-0.2996865816802701
categorical__customer_city_witmarsum,0.29967355063353757,-0.29967355063353757
categorical__customer_city_carmopolis de minas,0.29956685004748485,-0.29956685004748485
categorical__customer_city_carmo da cachoeira,0.29888377978359204,-0.29888377978359204
categorical__customer_city_sucesso,0.29883006713618376,-0.29883006713618376
categorical__customer_city_tenente ananias,0.29829951749753697,-0.29829951749753697
categorical__seller_city_guarulhos,0.29823672662263984,0.29823672662263984
categorical__customer_city_pio xii,0.298196131439863,-0.298196131439863
categorical__customer_city_candiota,0.2979851077162721,-0.2979851077162721
categorical__customer_city_pindai,0.2978588575850143,-0.2978588575850143
categorical__product_category_name_casa_construcao,0.2977836027084174,0.2977836027084174
categorical__customer_city_sao joao do manhuacu,0.29761620205775835,-0.29761620205775835
categorical__seller_city_cambe,0.2975399810040236,-0.2975399810040236
categorical__customer_city_barra de guabiraba,0.2972585503571335,-0.2972585503571335
categorical__customer_city_valentim gentil,0.2969117749533831,-0.2969117749533831
categorical__customer_city_chopinzinho,0.29679734285725434,-0.29679734285725434
categorical__customer_city_jundiai,0.29644381206708276,0.29644381206708276
categorical__customer_city_sanclerlandia,0.29627101877916395,-0.29627101877916395
categorical__customer_city_ribeirao pires,0.29619675587390054,0.29619675587390054
categorical__customer_city_turvo,0.29615375019173357,-0.29615375019173357
categorical__customer_city_santa teresinha,0.2954164635350648,-0.2954164635350648
categorical__customer_city_corrego do ouro,0.2952031735262714,-0.2952031735262714
categorical__customer_city_trindade do sul,0.29505627490762204,-0.29505627490762204
categorical__seller_city_gama,0.2946423739634162,-0.2946423739634162
categorical__customer_city_frecheirinha,0.2941023668119334,-0.2941023668119334
categorical__customer_city_senador modestino goncalves,0.2940989768100296,-0.2940989768100296
categorical__customer_city_paranavai,0.29395626546922166,0.29395626546922166
categorical__customer_city_itagiba,0.29388113126069226,-0.29388113126069226
categorical__customer_city_natal,0.29382458878008716,0.29382458878008716
categorical__customer_city_missi,0.2937094210540757,-0.2937094210540757
categorical__seller_city_guaira,0.29360895261663816,-0.29360895261663816
categorical__customer_city_bandeirantes do tocantins,0.2935639690530661,-0.2935639690530661
categorical__customer_city_monte castelo,0.29327159514953066,-0.29327159514953066
categorical__customer_city_massape,0.2931562894939764,-0.2931562894939764
categorical__customer_city_brejo,0.29314948294764004,-0.29314948294764004
categorical__customer_city_iaciara,0.2930504621365517,-0.2930504621365517
categorical__customer_city_catas altas,0.29292594277249756,-0.29292594277249756
categorical__seller_city_cacador,0.292706275562614,-0.292706275562614
categorical__customer_city_fagundes,0.2926493933421784,-0.2926493933421784
categorical__customer_city_capetinga,0.2926390140837188,-0.2926390140837188
categorical__customer_city_munhoz,0.29259565092916695,-0.29259565092916695
categorical__customer_city_jequia da praia,0.29246411959821117,-0.29246411959821117
categorical__customer_city_pedrinhas paulista,0.292451033611747,-0.292451033611747
categorical__customer_city_candeal,0.2923485621398757,-0.2923485621398757
categorical__customer_city_imigrante,0.29224625478740235,-0.29224625478740235
categorical__customer_city_pacoti,0.29220491692665634,-0.29220491692665634
categorical__customer_city_mendes pimentel,0.2917401185990777,-0.2917401185990777
categorical__customer_city_ivai,0.2916716234323462,-0.2916716234323462
categorical__customer_city_antonio prado,0.29156150057918606,-0.29156150057918606
categorical__customer_city_tubarao,0.2915539220342801,0.2915539220342801
categorical__customer_city_itajuba,0.29155243663915636,-0.29155243663915636
categorical__customer_city_julio mesquita,0.29142567206761016,-0.29142567206761016
categorical__customer_city_pitanga de estrada,0.2914085571332809,-0.2914085571332809
categorical__seller_city_sao paulo - sp,0.2912012439586365,0.2912012439586365
categorical__seller_city_serra negra,0.2904672138341765,0.2904672138341765
categorical__customer_city_itaju,0.29045282013758333,-0.29045282013758333
categorical__customer_city_paraiso das aguas,0.2902717094975978,-0.2902717094975978
categorical__customer_city_miranda do norte,0.2901589510227313,-0.2901589510227313
categorical__customer_city_lago verde,0.2901465904088338,-0.2901465904088338
categorical__customer_city_angelica,0.290108010846608,-0.290108010846608
categorical__customer_city_corbelia,0.2900676677731283,-0.2900676677731283
categorical__customer_city_nova canaa,0.2900398972252461,-0.2900398972252461
categorical__customer_city_ribeira,0.28995382025897737,-0.28995382025897737
categorical__seller_city_camboriu,0.28987534863878084,-0.28987534863878084
categorical__customer_city_alambari,0.28977985066093576,-0.28977985066093576
categorical__customer_city_horizontina,0.28970827123555565,-0.28970827123555565
categorical__seller_city_sorocaba,0.28951217924680167,0.28951217924680167
categorical__customer_city_itarare,0.28924871172737965,0.28924871172737965
categorical__customer_city_palmeira d'oeste,0.2891360504163603,-0.2891360504163603
categorical__customer_city_ita,0.28858737937361395,-0.28858737937361395
categorical__customer_city_arame,0.28855442278172366,-0.28855442278172366
categorical__customer_city_puxinana,0.2884217737130065,-0.2884217737130065
categorical__customer_city_lavinia,0.28826420844702155,-0.28826420844702155
categorical__customer_city_carnaubais,0.2882114629950965,-0.2882114629950965
categorical__customer_city_cruz,0.28816424907335614,0.28816424907335614
categorical__customer_city_indaiatuba,0.2880922860321472,-0.2880922860321472
categorical__customer_city_amargosa,0.2879829325453294,-0.2879829325453294
categorical__customer_city_corumba de goias,0.28792947423428095,-0.28792947423428095
categorical__product_category_name_moveis_decoracao,0.2879125565852173,0.2879125565852173
categorical__customer_city_igarape-miri,0.287561186856873,-0.287561186856873
categorical__customer_city_itacare,0.28742781103563,0.28742781103563
categorical__customer_city_itapevi,0.287337530775986,0.287337530775986
categorical__seller_state_RJ,0.2868655915201459,0.2868655915201459
categorical__product_category_name_flores,0.286834035817956,-0.286834035817956
categorical__customer_city_brejetuba,0.2866027815393864,-0.2866027815393864
categorical__customer_city_jales,0.28608397548045106,-0.28608397548045106
categorical__customer_city_vitoria de santo antao,0.2859670413396499,0.2859670413396499
categorical__customer_city_bom principio,0.2858285431479962,-0.2858285431479962
categorical__customer_city_morretes,0.285547469856924,-0.285547469856924
categorical__seller_city_jundiai,0.28542099200601917,0.28542099200601917
categorical__customer_city_coroaci,0.2854201229221166,-0.2854201229221166
categorical__customer_city_pimenta bueno,0.2854168924021997,-0.2854168924021997
categorical__customer_city_fazenda vilanova,0.2853989832931929,-0.2853989832931929
categorical__customer_city_presidente medici,0.2850578291140135,-0.2850578291140135
categorical__customer_city_campo formoso,0.28491551544905125,0.28491551544905125
categorical__customer_city_andarai,0.28490631448587084,-0.28490631448587084
categorical__customer_city_trabiju,0.28475069537455866,-0.28475069537455866
categorical__customer_city_ladario,0.2845350547426129,-0.2845350547426129
categorical__customer_city_cambira,0.284317103125376,-0.284317103125376
categorical__customer_city_quinta do sol,0.28418153880824754,-0.28418153880824754
categorical__customer_city_belmonte,0.28398783062296934,-0.28398783062296934
categorical__customer_city_moreira sales,0.2839290114712741,-0.2839290114712741
categorical__customer_city_coreau,0.28386702326427876,-0.28386702326427876
categorical__customer_city_ipueiras,0.2838425436108861,-0.2838425436108861
categorical__customer_city_passo de torres,0.2838235743958074,0.2838235743958074
categorical__customer_city_piracuruca,0.28366733368590313,-0.28366733368590313
categorical__customer_city_juatuba,0.28326123062229763,-0.28326123062229763
categorical__customer_city_caibi,0.28309462900531246,-0.28309462900531246
categorical__customer_city_roque gonzales,0.2830501890160459,-0.2830501890160459
categorical__customer_city_jeronimo monteiro,0.2827995570144381,-0.2827995570144381
categorical__customer_city_nova vicosa,0.2827827258235698,-0.2827827258235698
categorical__customer_city_potengi,0.2827654682770524,-0.2827654682770524
categorical__customer_city_nova timboteua,0.28271461056026803,-0.28271461056026803
categorical__customer_city_pocoes,0.28249188356023536,-0.28249188356023536
categorical__customer_city_capistrano,0.28222125084533073,-0.28222125084533073
categorical__customer_city_palma sola,0.2822102897104549,-0.2822102897104549
categorical__seller_city_riberao preto,0.28220650325406993,0.28220650325406993
categorical__customer_city_murici,0.2819573123338412,-0.2819573123338412
categorical__customer_city_catarina,0.28194455203640306,-0.28194455203640306
categorical__customer_city_silvanopolis,0.2819060569271031,-0.2819060569271031
categorical__customer_city_caridade,0.28171468286217005,-0.28171468286217005
categorical__customer_city_celso ramos,0.2816540434229496,-0.2816540434229496
categorical__customer_city_ponte alta do norte,0.28104397651324803,-0.28104397651324803
categorical__customer_city_volta grande,0.2807388929702938,-0.2807388929702938
categorical__customer_state_RJ,0.2806999498587205,0.2806999498587205
categorical__customer_city_alto horizonte,0.2805748180135715,-0.2805748180135715
categorical__customer_city_cristalandia,0.28048513430459415,-0.28048513430459415
categorical__customer_city_pouso alto,0.2802815653000442,-0.2802815653000442
categorical__customer_city_macedonia,0.2802318002241843,-0.2802318002241843
categorical__customer_city_sao luis do quitunde,0.2801792202368228,-0.2801792202368228
categorical__customer_city_tucano,0.2801233842005966,-0.2801233842005966
categorical__customer_city_antonio prado de minas,0.2800897247395177,-0.2800897247395177
categorical__seller_city_cascavel,0.27989290884536544,0.27989290884536544
categorical__seller_city_cananeia,0.2798126832394942,0.2798126832394942
categorical__customer_city_sao domingos do prata,0.2797440984472944,-0.2797440984472944
categorical__product_category_name_beleza_saude,0.2795322478629828,0.2795322478629828
categorical__customer_city_guabiruba,0.27943760707802573,-0.27943760707802573
categorical__customer_city_chorozinho,0.27943173724245934,-0.27943173724245934
categorical__seller_city_guarapuava,0.27940056967248655,-0.27940056967248655
categorical__customer_city_ponte serrada,0.2793963941243226,-0.2793963941243226
categorical__customer_city_miracatu,0.27937474213872404,-0.27937474213872404
categorical__customer_city_guimarania,0.2793217114961103,-0.2793217114961103
categorical__customer_city_sao sebastiao,0.2791022213033261,0.2791022213033261
categorical__seller_city_barueri,0.2790430265393838,-0.2790430265393838
categorical__customer_city_rianapolis,0.27840320487660697,-0.27840320487660697
categorical__customer_city_candido de abreu,0.2782070651026321,-0.2782070651026321
categorical__product_category_name_artes,0.2781866287087239,0.2781866287087239
categorical__customer_city_morpara,0.2777024311339536,-0.2777024311339536
categorical__customer_city_sao sebastiao da boa vista,0.277506448682927,-0.277506448682927
categorical__product_category_name_informatica_acessorios,0.27748846864456517,0.27748846864456517
categorical__customer_city_itatiaia,0.27707972824137433,0.27707972824137433
categorical__customer_city_palmeirinha,0.27695521611002266,-0.27695521611002266
categorical__customer_city_boquira,0.2768640369771615,-0.2768640369771615
categorical__seller_city_itirapina,0.27663835847368584,-0.27663835847368584
categorical__customer_city_mar vermelho,0.27658273752130824,-0.27658273752130824
categorical__customer_city_paulistana,0.27649966957363736,-0.27649966957363736
categorical__customer_city_capitao leonidas marques,0.276484759048361,-0.276484759048361
categorical__customer_city_cacapava,0.2764680614341497,-0.2764680614341497
categorical__seller_city_porto velho,0.2764074432264965,-0.2764074432264965
categorical__customer_city_itapejara d'oeste,0.27624980401981963,-0.27624980401981963
categorical__customer_city_maraba,0.2760482681568144,0.2760482681568144
categorical__customer_city_itabuna,0.27573572940338176,0.27573572940338176
categorical__customer_city_itaguacu da bahia,0.2757145116468969,-0.2757145116468969
categorical__customer_city_matipo,0.27566771739402823,-0.27566771739402823
categorical__customer_city_sao jose do rio claro,0.2755391851576945,-0.2755391851576945
categorical__customer_city_igaratinga,0.2753089012637615,-0.2753089012637615
categorical__customer_city_passagem,0.2750090455465401,-0.2750090455465401
categorical__customer_city_corumbatai,0.27481108992154724,-0.27481108992154724
categorical__customer_city_jupi,0.27474286892966104,-0.27474286892966104
categorical__customer_city_santa tereza do oeste,0.2746863892597812,-0.2746863892597812
categorical__customer_city_japura,0.27463036625397724,-0.27463036625397724
categorical__customer_city_itumbiara,0.2743464201344674,-0.2743464201344674
categorical__customer_city_feliz deserto,0.27382641599052887,-0.27382641599052887
categorical__seller_city_loanda,0.2737973157227585,0.2737973157227585
categorical__customer_city_boa ventura,0.27333616945674516,-0.27333616945674516
categorical__customer_city_sao benedito do rio preto,0.2729886624892985,-0.2729886624892985
categorical__customer_city_tome-acu,0.2726607710994934,-0.2726607710994934
categorical__seller_city_lambari,0.2725787201520952,-0.2725787201520952
categorical__customer_city_arandu,0.2724698538434554,-0.2724698538434554
categorical__customer_city_santa luzia do parua,0.2724489975982995,-0.2724489975982995
categorical__seller_city_sao jose do rio pardo,0.27222428204430926,-0.27222428204430926
categorical__customer_city_santa barbara do para,0.27199558487646286,-0.27199558487646286
categorical__customer_city_mucuge,0.2719321442956462,-0.2719321442956462
categorical__customer_city_campo mourao,0.27177020868635177,0.27177020868635177
categorical__customer_city_aracaju,0.27146424924573354,-0.27146424924573354
categorical__customer_city_pentecoste,0.2713846279429199,-0.2713846279429199
categorical__seller_city_barrinha,0.27124708064587777,-0.27124708064587777
categorical__customer_city_nossa senhora de caravaggio,0.27073029430541506,-0.27073029430541506
categorical__customer_city_urai,0.27057860253474103,-0.27057860253474103
categorical__customer_city_aquidauana,0.26976384597189945,-0.26976384597189945
categorical__customer_city_sao sebastiao do maranhao,0.2696107623368843,-0.2696107623368843
categorical__seller_city_entre rios do oeste,0.26941146042674824,-0.26941146042674824
categorical__seller_city_echapora,0.26927413614933937,-0.26927413614933937
categorical__customer_city_itatim,0.26887786748842196,-0.26887786748842196
categorical__customer_city_vera cruz do oeste,0.26828390425868,-0.26828390425868
categorical__customer_city_brotas de macaubas,0.2682220397216172,-0.2682220397216172
categorical__customer_city_ulianopolis,0.26777219113167083,-0.26777219113167083
categorical__customer_city_marilia,0.26752426708360316,-0.26752426708360316
categorical__customer_city_salto,0.2674168971450294,-0.2674168971450294
categorical__customer_city_campos borges,0.2672156968727135,-0.2672156968727135
categorical__customer_city_timon,0.2668557829933165,0.2668557829933165
categorical__customer_city_lajeado,0.2666708059355861,-0.2666708059355861
categorical__customer_city_barra de sao joao,0.26664697866213466,-0.26664697866213466
categorical__customer_city_urania,0.26663774975737536,-0.26663774975737536
categorical__customer_city_curralinho,0.2664808268662596,-0.2664808268662596
categorical__customer_city_nova santa barbara,0.2664495921035628,-0.2664495921035628
categorical__customer_city_itirucu,0.2664189127280623,-0.2664189127280623
categorical__customer_city_vazante,0.26625408920774557,-0.26625408920774557
categorical__customer_city_lontras,0.26612890028315794,-0.26612890028315794
categorical__customer_city_novo oriente,0.26585075885120385,-0.26585075885120385
categorical__customer_city_arapoema,0.265752280128843,-0.265752280128843
categorical__customer_city_juruena,0.26563745940807965,-0.26563745940807965
categorical__customer_city_iraucuba,0.2656040183530209,-0.2656040183530209
categorical__customer_city_governador dix-sept rosado,0.2650204401285396,-0.2650204401285396
categorical__customer_city_lencois,0.2644692641680087,-0.2644692641680087
categorical__customer_city_maravilha,0.26432305833890063,0.26432305833890063
categorical__customer_city_careacu,0.26384565561767914,-0.26384565561767914
categorical__customer_city_poloni,0.2637628965026086,-0.2637628965026086
categorical__customer_city_florestopolis,0.26375212003264903,-0.26375212003264903
categorical__customer_city_pindoba,0.2636717871628857,-0.2636717871628857
categorical__customer_city_jacare,0.26363825487603076,-0.26363825487603076
categorical__customer_city_laje do muriae,0.26352114996384496,-0.26352114996384496
categorical__customer_city_araguaia,0.26348180232010854,-0.26348180232010854
categorical__customer_city_erere,0.263158555899188,-0.263158555899188
categorical__customer_city_sao joao do sul,0.2628723550703952,-0.2628723550703952
categorical__seller_city_jau,0.2628203742803614,-0.2628203742803614
categorical__customer_city_sao joao do manteninha,0.26277073066708284,-0.26277073066708284
categorical__customer_city_angelo frechiani,0.26262004110229187,-0.26262004110229187
categorical__customer_city_ilheus,0.2625032439306481,0.2625032439306481
categorical__customer_city_navegantes,0.2623926783340556,-0.2623926783340556
categorical__customer_city_anta gorda,0.2623841440343897,-0.2623841440343897
categorical__customer_city_coronel martins,0.26232847606454607,-0.26232847606454607
categorical__customer_city_matoes do norte,0.2621393682301298,-0.2621393682301298
categorical__customer_city_dom vicoso,0.26163326627994377,-0.26163326627994377
categorical__customer_city_santa barbara d'oeste,0.2612025891273124,0.2612025891273124
categorical__customer_city_resende,0.26110879925492547,0.26110879925492547
categorical__customer_city_aguia branca,0.26105638480777776,-0.26105638480777776
categorical__customer_city_sao jose do barreiro,0.2608795043757442,-0.2608795043757442
categorical__customer_city_guaruja,0.2608482443167179,0.2608482443167179
categorical__customer_city_vale real,0.2607322888435432,-0.2607322888435432
categorical__customer_city_angical do piaui,0.2605893363620023,-0.2605893363620023
categorical__customer_city_oscar bressane,0.2604760595694533,-0.2604760595694533
categorical__customer_city_rio verde,0.26042039853857835,0.26042039853857835
categorical__customer_city_xambre,0.26008882353439616,-0.26008882353439616
categorical__product_category_name_artes_e_artesanato,0.260015581038284,-0.260015581038284
categorical__customer_city_ponto dos volantes,0.2599029209007503,-0.2599029209007503
categorical__seller_city_pedrinhas paulista,0.2598876485443629,-0.2598876485443629
categorical__product_weight_bucket_500g-1kg,0.25986115558003514,-0.25986115558003514
categorical__customer_city_passos maia,0.25969659047269406,-0.25969659047269406
categorical__customer_city_santo antonio do itambe,0.2593310694814383,-0.2593310694814383
categorical__customer_city_simoes filho,0.2588895227916889,-0.2588895227916889
categorical__customer_city_minas novas,0.25887550665606635,-0.25887550665606635
categorical__customer_city_sao bernardo do campo,0.2588064791391251,0.2588064791391251
categorical__customer_city_santa rita d'oeste,0.2585741952529572,-0.2585741952529572
categorical__customer_city_carnaubal,0.25842429695600805,-0.25842429695600805
categorical__customer_city_gravatal,0.2582350970921646,-0.2582350970921646
categorical__customer_city_pontalina,0.25821109257509506,-0.25821109257509506
categorical__customer_city_alto parana,0.2579493063704731,-0.2579493063704731
categorical__customer_city_paulo lopes,0.25788656217860634,-0.25788656217860634
categorical__customer_city_icarai de minas,0.2577608531286894,-0.2577608531286894
categorical__customer_city_caraiba,0.2576315319178348,-0.2576315319178348
categorical__customer_city_cabo verde,0.25758172045405703,-0.25758172045405703
categorical__customer_city_presidente bernardes,0.2571408557447683,-0.2571408557447683
categorical__seller_city_serrana,0.25693045296667805,0.25693045296667805
categorical__product_category_name_seguros_e_servicos,0.2568312156174584,-0.2568312156174584
categorical__product_category_name_audio,0.2567669942121047,0.2567669942121047
categorical__customer_city_jaguaribara,0.25673027906200185,-0.25673027906200185
categorical__customer_city_campina das missoes,0.2562822910847052,-0.2562822910847052
categorical__customer_city_ibicuitinga,0.2561858526653748,-0.2561858526653748
categorical__seller_state_RS,0.2561420262384096,-0.2561420262384096
categorical__customer_city_camboriu,0.2558101068887234,-0.2558101068887234
categorical__customer_city_vicentina,0.2556421892734558,-0.2556421892734558
categorical__customer_city_vila rica,0.25563222100662414,-0.25563222100662414
categorical__customer_city_sao bras do suacui,0.25553579709333984,-0.25553579709333984
categorical__customer_city_videira,0.2555334285815711,0.2555334285815711
categorical__customer_city_vila flor,0.2553663293782232,-0.2553663293782232
categorical__customer_city_humaita,0.25531280712811555,-0.25531280712811555
categorical__customer_city_paudalho,0.2549646661989084,-0.2549646661989084
categorical__customer_city_barreirinhas,0.25489471965286653,-0.25489471965286653
categorical__customer_city_salto grande,0.2541386612147131,-0.2541386612147131
categorical__customer_city_jumirim,0.2538997171930179,-0.2538997171930179
categorical__product_category_name_fashion_bolsas_e_acessorios,0.2538735440262752,0.2538735440262752
categorical__customer_city_vila langaro,0.25380730834896603,-0.25380730834896603
categorical__customer_city_terra de areia,0.2529046829619355,-0.2529046829619355
categorical__customer_city_guaraci,0.2528536700009635,-0.2528536700009635
categorical__customer_city_sete lagoas,0.25270923471916523,0.25270923471916523
categorical__customer_city_sao thome das letras,0.25270693336255257,-0.25270693336255257
categorical__customer_city_dionisio cerqueira,0.2526659703016885,-0.2526659703016885
categorical__seller_city_santa barbara d'oeste,0.25242290582256677,0.25242290582256677
categorical__seller_city_ibirite,0.25235148419696435,-0.25235148419696435
categorical__customer_city_porto grande,0.25220835065128266,-0.25220835065128266
categorical__customer_city_guapimirim,0.25194386118123996,-0.25194386118123996
categorical__customer_city_barao de juparana,0.2517259000149576,-0.2517259000149576
categorical__customer_city_abre campo,0.2514604136806242,-0.2514604136806242
categorical__seller_city_louveira,0.25128683023082504,0.25128683023082504
categorical__customer_city_cruz machado,0.2509754448920241,-0.2509754448920241
categorical__customer_city_guaraniacu,0.2509540284086891,-0.2509540284086891
categorical__seller_city_sao ludgero,0.25093997589207045,0.25093997589207045
categorical__customer_city_altaneira,0.25091959052759405,-0.25091959052759405
categorical__customer_city_riachao das neves,0.2508648023385512,-0.2508648023385512
categorical__customer_city_alto alegre,0.25080758718499235,-0.25080758718499235
categorical__customer_city_monte mor,0.25070120101856136,0.25070120101856136
categorical__customer_city_cachoeira do campo,0.25056047079599447,-0.25056047079599447
categorical__seller_city_muqui,0.2505382809169325,0.2505382809169325
categorical__customer_city_lagoa santa,0.25044044595987835,-0.25044044595987835
categorical__customer_city_bom jesus da penha,0.2504127576443753,-0.2504127576443753
categorical__customer_city_itapiuna,0.25009654124321296,-0.25009654124321296
categorical__customer_city_guarara,0.25007742572332464,-0.25007742572332464
categorical__customer_city_tamarana,0.2500058116472167,-0.2500058116472167
categorical__customer_city_gloria do goita,0.24989208967677612,-0.24989208967677612
categorical__seller_city_sao joao del rei,0.24976587444330875,-0.24976587444330875
categorical__customer_city_tres fronteiras,0.24932423119147643,-0.24932423119147643
categorical__customer_city_igarassu,0.24928891940954792,0.24928891940954792
categorical__customer_city_lavras do sul,0.24926424270970818,-0.24926424270970818
categorical__customer_city_igrapiuna,0.24899037112304973,-0.24899037112304973
categorical__customer_city_pacuja,0.248797181481365,-0.248797181481365
categorical__customer_city_agrestina,0.24872253472783348,-0.24872253472783348
categorical__customer_city_itabatan,0.24822060302855808,-0.24822060302855808
categorical__customer_city_capitao poco,0.24821205205482985,-0.24821205205482985
categorical__customer_city_santana de parnaiba,0.24813401254047462,-0.24813401254047462
categorical__customer_city_galvao,0.24805925785539032,-0.24805925785539032
categorical__customer_city_jesupolis,0.2479245361981089,-0.2479245361981089
categorical__customer_city_breves,0.2478785872117786,-0.2478785872117786
categorical__customer_city_parnarama,0.2476397834706908,-0.2476397834706908
categorical__customer_city_ibiraiaras,0.24746895288591167,-0.24746895288591167
categorical__customer_city_bras pires,0.24719295434648447,-0.24719295434648447
categorical__customer_city_iacu,0.2470742542405128,-0.2470742542405128
categorical__customer_city_matrincha,0.24704660035705062,-0.24704660035705062
categorical__customer_city_cachoeira de pajeu,0.24681053648937457,-0.24681053648937457
categorical__customer_city_colatina,0.2467624981501663,0.2467624981501663
categorical__customer_city_divinopolis do tocantins,0.2466608059586309,-0.2466608059586309
categorical__customer_city_mamonas,0.2466366938260227,-0.2466366938260227
categorical__customer_city_guadalupe,0.2466044706635843,-0.2466044706635843
categorical__customer_city_riolandia,0.24645681613705778,-0.24645681613705778
categorical__customer_city_itacarambi,0.2463917318882996,-0.2463917318882996
categorical__customer_city_cumari,0.24613093897468874,-0.24613093897468874
categorical__customer_city_espirito santo do turvo,0.246098743169297,-0.246098743169297
categorical__customer_city_alto taquari,0.2455362058087666,-0.2455362058087666
categorical__customer_city_pendencias,0.24550146559586916,-0.24550146559586916
categorical__customer_city_penaforte,0.2454447773128608,-0.2454447773128608
categorical__customer_city_santa maria de jetiba,0.24513997886604372,0.24513997886604372
categorical__customer_city_sao jose dos campos,0.24492331818859606,0.24492331818859606
categorical__customer_city_quilombo,0.24450280110750644,-0.24450280110750644
categorical__customer_city_santa cruz do prata,0.2444366730914532,-0.2444366730914532
categorical__customer_city_ipaumirim,0.24441647035746394,-0.24441647035746394
categorical__seller_city_piracicaba,0.24440120203390642,0.24440120203390642
categorical__customer_city_castro,0.24439388689563263,0.24439388689563263
categorical__customer_city_taquarana,0.24406462050401603,-0.24406462050401603
categorical__seller_city_taio,0.24375800091753685,-0.24375800091753685
categorical__customer_city_redencao do gurgueia,0.24354763821770822,-0.24354763821770822
categorical__customer_city_entre-ijuis,0.24349293046122045,-0.24349293046122045
categorical__seller_city_carmo da mata,0.24347869260746063,-0.24347869260746063
categorical__customer_city_mineiros do tiete,0.24341726939625033,-0.24341726939625033
categorical__customer_city_coromandel,0.2432838573771234,0.2432838573771234
categorical__customer_city_campina do monte alegre,0.24318408604907663,-0.24318408604907663
categorical__customer_city_ouro verde de minas,0.24292275248154388,-0.24292275248154388
categorical__customer_city_caetanopolis,0.2428209823872491,-0.2428209823872491
categorical__customer_city_castanheira,0.24252870470788912,-0.24252870470788912
categorical__seller_city_laguna,0.24244302780116606,-0.24244302780116606
categorical__customer_city_laranja da terra,0.24217162201961148,-0.24217162201961148
categorical__seller_state_RN,0.24205268301835492,-0.24205268301835492
categorical__customer_city_dona emma,0.24204115134824042,-0.24204115134824042
categorical__customer_city_setubinha,0.2420175483442428,-0.2420175483442428
categorical__seller_city_curitiba,0.24182574077273677,0.24182574077273677
categorical__customer_city_luziapolis,0.24174242585703554,-0.24174242585703554
categorical__customer_city_cachoeirinha,0.2416872933902494,-0.2416872933902494
categorical__seller_city_juzeiro do norte,0.24167325353103894,-0.24167325353103894
categorical__customer_city_madalena,0.2415873289902027,-0.2415873289902027
categorical__customer_city_pocinhos,0.2415769459373496,-0.2415769459373496
categorical__customer_city_fundao,0.24150601447992645,-0.24150601447992645
categorical__customer_city_sao desiderio,0.24138404617701467,-0.24138404617701467
categorical__customer_city_conceicao do araguaia,0.24107678551267153,0.24107678551267153
categorical__customer_city_francisco dantas,0.24100612692907647,-0.24100612692907647
categorical__customer_city_siriji,0.2408762819579048,-0.2408762819579048
categorical__customer_city_piedade dos gerais,0.24061985405843053,-0.24061985405843053
categorical__customer_city_jaguari,0.24054937496189904,-0.24054937496189904
categorical__customer_city_belem do sao francisco,0.23979210252192903,-0.23979210252192903
categorical__customer_city_itabirinha,0.23896353348065477,-0.23896353348065477
categorical__customer_city_catanduva,0.23879188338945492,0.23879188338945492
categorical__customer_city_abadia dos dourados,0.23878063372963673,-0.23878063372963673
categorical__customer_city_eneas marques,0.2386683418302906,-0.2386683418302906
categorical__seller_city_olimpia,0.2386663470614592,-0.2386663470614592
categorical__customer_city_sales oliveira,0.23861378644239775,-0.23861378644239775
categorical__customer_city_aguas de sao pedro,0.23834910465503403,-0.23834910465503403
categorical__seller_state_ES,0.23829326135753537,0.23829326135753537
categorical__customer_city_agua santa,0.23813584597429643,-0.23813584597429643
categorical__customer_city_chui,0.23804001328451851,-0.23804001328451851
categorical__customer_city_mimoso de goias,0.23800527177564842,-0.23800527177564842
categorical__customer_city_mato verde,0.23791063129154522,-0.23791063129154522
categorical__customer_city_serranopolis do iguacu,0.2378864678679113,-0.2378864678679113
categorical__customer_city_joao ramalho,0.23787904700425105,-0.23787904700425105
categorical__customer_city_viseu,0.23774864194749398,-0.23774864194749398
categorical__customer_city_dona euzebia,0.2375049092166319,-0.2375049092166319
categorical__customer_city_sao ludgero,0.23736685216122605,-0.23736685216122605
categorical__customer_city_goianinha,0.23731850777493596,-0.23731850777493596
categorical__customer_city_minas do leao,0.23729919385829004,-0.23729919385829004
categorical__customer_city_alagoa grande,0.23720965956753315,-0.23720965956753315
categorical__customer_city_santo antonio da alegria,0.2371203519290447,-0.2371203519290447
categorical__customer_city_restinga seca,0.23697447398537644,-0.23697447398537644
categorical__customer_city_arvoredo,0.23682544890363263,-0.23682544890363263
categorical__customer_city_cotia,0.23675536573072803,-0.23675536573072803
categorical__customer_city_machacalis,0.2367295180363416,-0.2367295180363416
categorical__customer_city_pirapora,0.23661284365921753,-0.23661284365921753
categorical__customer_city_mata de sao joao,0.23642681182659223,0.23642681182659223
categorical__customer_city_botucatu,0.23635781694447533,-0.23635781694447533
categorical__customer_city_sao goncalo do para,0.23633665462803938,-0.23633665462803938
categorical__customer_city_angulo,0.23606616811009506,-0.23606616811009506
categorical__customer_city_mata verde,0.23565393321683697,-0.23565393321683697
categorical__customer_city_sao jose de ribamar,0.23541884900693394,0.23541884900693394
categorical__seller_city_arvorezinha,0.235379018526913,0.235379018526913
categorical__customer_city_arcoverde,0.23524607411965895,-0.23524607411965895
categorical__customer_city_doutor camargo,0.2351605461610946,-0.2351605461610946
categorical__seller_city_araquari,0.23505979222874834,-0.23505979222874834
categorical__customer_city_uniao de minas,0.23501522639432137,-0.23501522639432137
categorical__customer_city_mirassol,0.23497219162993674,0.23497219162993674
categorical__customer_city_juti,0.2348073901281322,-0.2348073901281322
categorical__customer_city_balneario arroio do silva,0.23477720055950038,-0.23477720055950038
categorical__customer_city_divisa nova,0.2343884887196803,-0.2343884887196803
categorical__customer_city_santa ernestina,0.23430339062070185,-0.23430339062070185
categorical__customer_city_francisco badaro,0.23429752096267975,-0.23429752096267975
categorical__customer_city_neves paulista,0.2342122290817203,-0.2342122290817203
categorical__customer_city_baianopolis,0.2340301784226967,-0.2340301784226967
categorical__customer_city_girau do ponciano,0.23402751806572578,-0.23402751806572578
categorical__customer_city_pirai do norte,0.23402068130202577,-0.23402068130202577
categorical__seller_city_bahia,0.23397907514544325,-0.23397907514544325
categorical__customer_city_roncador,0.23388482875801037,-0.23388482875801037
categorical__customer_city_muquem do sao francisco,0.23362904481112215,-0.23362904481112215
categorical__customer_city_aragarcas,0.23298387424727737,-0.23298387424727737
categorical__customer_city_santa mariana,0.23291169727119776,-0.23291169727119776
categorical__customer_city_ilopolis,0.23282682297751792,-0.23282682297751792
categorical__customer_city_aurilandia,0.232608723927554,-0.232608723927554
categorical__customer_city_maiquinique,0.23251532691604904,-0.23251532691604904
categorical__customer_city_dom pedro,0.23210035191282938,0.23210035191282938
categorical__customer_city_paranacity,0.23202061477356517,-0.23202061477356517
categorical__customer_city_traipu,0.23201784809203566,-0.23201784809203566
categorical__customer_city_macieira,0.2319551308072812,-0.2319551308072812
categorical__customer_city_campos gerais,0.23151118866615197,-0.23151118866615197
categorical__customer_city_divino de sao lourenco,0.2313407918001497,-0.2313407918001497
categorical__customer_city_santo andre,0.2311328992468123,-0.2311328992468123
categorical__customer_city_vermelho,0.23074433270616235,-0.23074433270616235
categorical__customer_city_sao paulo das missoes,0.23056306336863647,-0.23056306336863647
categorical__customer_city_perola,0.23039108481742177,-0.23039108481742177
categorical__customer_city_maripa,0.2302938360118694,-0.2302938360118694
categorical__customer_city_sao miguel do tapuio,0.23014422669165083,-0.23014422669165083
categorical__customer_city_getulina,0.23008728432378447,-0.23008728432378447
categorical__customer_city_brejo da madre de deus,0.22992503725785501,-0.22992503725785501
categorical__customer_city_tuparendi,0.2298612325955588,-0.2298612325955588
categorical__customer_city_pirapo,0.22981634435808204,-0.22981634435808204
categorical__customer_city_novo mundo,0.22962895273713657,-0.22962895273713657
categorical__customer_city_matutina,0.22961501234811982,-0.22961501234811982
categorical__seller_city_pilar do sul,0.22948314891127686,0.22948314891127686
categorical__customer_city_felipe guerra,0.22935975042929127,-0.22935975042929127
categorical__customer_city_sao joao do sobrado,0.22925303405188766,-0.22925303405188766
categorical__customer_city_sao pedro do ivai,0.22923847732823935,-0.22923847732823935
categorical__customer_city_coelho neto,0.22922998156134378,-0.22922998156134378
categorical__customer_city_nova alvorada,0.22901446024677727,-0.22901446024677727
categorical__customer_city_paial,0.22897666019483015,-0.22897666019483015
categorical__seller_city_mairipora,0.22883845154974275,0.22883845154974275
categorical__customer_city_heliopolis,0.2287596109864074,-0.2287596109864074
categorical__customer_city_confins,0.22865687795480094,-0.22865687795480094
categorical__customer_city_desterro,0.2285990889411615,-0.2285990889411615
categorical__customer_city_iguaracu,0.22801364809441613,-0.22801364809441613
categorical__customer_city_nossa senhora de lourdes,0.2275492061379748,-0.2275492061379748
categorical__customer_city_mondai,0.2271298130526045,-0.2271298130526045
categorical__customer_city_arantina,0.2268852206911989,-0.2268852206911989
categorical__customer_city_amontada,0.22675758736898807,-0.22675758736898807
categorical__customer_city_nova campina,0.2267259722005799,-0.2267259722005799
categorical__customer_city_xapuri,0.22634107435543344,-0.22634107435543344
categorical__customer_city_carlinda,0.22596855021072199,-0.22596855021072199
categorical__customer_city_motuca,0.22576103192894859,-0.22576103192894859
categorical__customer_city_avelino lopes,0.22571335879484292,-0.22571335879484292
categorical__customer_city_engenheiro navarro,0.2254741713046551,-0.2254741713046551
categorical__customer_city_ipiranga de goias,0.2252127261033915,-0.2252127261033915
categorical__customer_city_damianopolis,0.22513586931624946,-0.22513586931624946
categorical__seller_city_mogi guacu,0.22506571747607912,-0.22506571747607912
categorical__customer_city_canoinhas,0.22484381726488592,0.22484381726488592
categorical__seller_city_uniao da vitoria,0.2247115438392837,-0.2247115438392837
categorical__customer_city_tres rios,0.22418092595572542,-0.22418092595572542
categorical__customer_city_patrocinio,0.22417634963155442,-0.22417634963155442
categorical__customer_city_matoes,0.22415149678828747,-0.22415149678828747
categorical__customer_city_paulo de faria,0.22408758880920282,-0.22408758880920282
categorical__customer_city_mansidao,0.22406145348316595,-0.22406145348316595
categorical__customer_city_pote,0.2239643509306669,-0.2239643509306669
categorical__customer_city_areias,0.22392133690942428,-0.22392133690942428
categorical__seller_city_fernandopolis,0.22385726653942206,-0.22385726653942206
categorical__customer_city_bodo,0.22376129241585177,-0.22376129241585177
categorical__customer_city_paranapua,0.22368390147819692,-0.22368390147819692
categorical__seller_city_pacatuba,0.2236220912793202,-0.2236220912793202
categorical__customer_city_emilianopolis,0.22355823808242506,-0.22355823808242506
categorical__customer_city_taquarivai,0.22350324982837363,-0.22350324982837363
categorical__customer_city_guairaca,0.22322797942387385,-0.22322797942387385
categorical__customer_city_carolina,0.2231094746392396,-0.2231094746392396
categorical__customer_city_martinho campos,0.22305023432124746,-0.22305023432124746
categorical__customer_city_santa rita da floresta,0.22300160575354175,-0.22300160575354175
categorical__seller_city_itapema,0.22296901758900128,-0.22296901758900128
categorical__customer_city_juripiranga,0.22296886821500783,-0.22296886821500783
categorical__customer_city_benedito leite,0.22288975844776898,-0.22288975844776898
categorical__customer_city_muniz freire,0.22271396573697178,-0.22271396573697178
categorical__customer_city_tibau do sul,0.22261122685570314,-0.22261122685570314
categorical__customer_city_pitanga,0.22252443041229783,-0.22252443041229783
categorical__customer_city_caicara do norte,0.22237028547028126,-0.22237028547028126
categorical__customer_city_ribas do rio pardo,0.22225046806661755,-0.22225046806661755
categorical__seller_city_orlandia,0.22216826564037642,-0.22216826564037642
categorical__customer_city_serra azul de minas,0.22214636722643413,-0.22214636722643413
categorical__customer_city_nova palma,0.22213061206484794,-0.22213061206484794
categorical__customer_city_governador mangabeira,0.22212802602279294,-0.22212802602279294
categorical__customer_city_barra do mendes,0.22185569850936196,-0.22185569850936196
categorical__customer_city_limeira,0.22173439791884014,0.22173439791884014
categorical__customer_city_brejo do cruz,0.2216832836827179,-0.2216832836827179
categorical__customer_city_caiua,0.22159595707979507,-0.22159595707979507
categorical__customer_city_castanhal,0.2212469769943244,0.2212469769943244
categorical__customer_city_itapirapua paulista,0.22106459270293352,-0.22106459270293352
categorical__seller_city_minas gerais,0.2207406022879639,-0.2207406022879639
categorical__customer_city_cedro,0.2207406022879639,-0.2207406022879639
categorical__customer_city_agua nova,0.2206995218377249,-0.2206995218377249
categorical__customer_city_governador celso ramos,0.22069286918577813,-0.22069286918577813
categorical__customer_city_sao joao dos patos,0.22053868407082083,0.22053868407082083
categorical__seller_city_triunfo,0.22048146177676503,-0.22048146177676503
categorical__customer_city_sao carlos,0.22025097112034422,0.22025097112034422
categorical__customer_city_ribeira do amparo,0.2202467048742977,-0.2202467048742977
categorical__customer_city_pedro gomes,0.2200512810015412,-0.2200512810015412
categorical__customer_city_nova canaa paulista,0.21981106950671814,-0.21981106950671814
categorical__seller_city_belford roxo,0.21971494742929717,-0.21971494742929717
categorical__seller_city_santa cecilia,0.21962009338337066,-0.21962009338337066
categorical__customer_city_saboeiro,0.21961604877548122,-0.21961604877548122
categorical__customer_city_nova monte verde,0.2195419328956099,-0.2195419328956099
categorical__customer_city_mira estrela,0.2195343132025608,-0.2195343132025608
categorical__customer_city_figueira,0.21949295994419074,-0.21949295994419074
categorical__seller_city_piracanjuba,0.21945925340731773,-0.21945925340731773
categorical__product_category_name_unknown,0.21937798449889964,0.21937798449889964
categorical__customer_city_brusque,0.21934640570598013,0.21934640570598013
categorical__customer_city_rodelas,0.2192258315194582,-0.2192258315194582
categorical__customer_city_porto de pedras,0.2191568785798354,-0.2191568785798354
categorical__customer_city_novo oriente do piaui,0.21914238477287645,-0.21914238477287645
categorical__customer_city_pium,0.2188271640935312,-0.2188271640935312
categorical__seller_city_ipaussu,0.21866873909167783,0.21866873909167783
categorical__customer_city_governador valadares,0.2183653383585141,0.2183653383585141
categorical__customer_city_florida paulista,0.21831101463813699,-0.21831101463813699
categorical__customer_city_jesuitas,0.2182622295947503,-0.2182622295947503
categorical__customer_city_cajuri,0.21819495368055497,-0.21819495368055497
categorical__customer_city_montezuma,0.21811835772813287,-0.21811835772813287
categorical__customer_city_caetes,0.217999430812068,-0.217999430812068
categorical__customer_city_benevides,0.21770206729623476,-0.21770206729623476
categorical__seller_city_novo horizonte,0.21728231602971493,-0.21728231602971493
categorical__customer_city_ritapolis,0.21713608385370273,-0.21713608385370273
categorical__customer_city_sao vendelino,0.2170643837353162,-0.2170643837353162
categorical__customer_city_salto veloso,0.21665492775799142,-0.21665492775799142
categorical__customer_city_sao vicente ferrer,0.2165017616873746,-0.2165017616873746
categorical__customer_city_santo antonio do grama,0.2164545377303251,-0.2164545377303251
categorical__customer_city_itaguaru,0.21634588870829927,-0.21634588870829927
categorical__customer_city_nova iguacu,0.21629542329627965,-0.21629542329627965
categorical__customer_city_caturama,0.21592253741045017,-0.21592253741045017
categorical__customer_city_maua da serra,0.2158946535899176,-0.2158946535899176
categorical__customer_city_rodeio bonito,0.21584722699412673,-0.21584722699412673
categorical__customer_city_teotonio vilela,0.21580748118021129,-0.21580748118021129
categorical__customer_city_figueiropolis d'oeste,0.21573613401128777,-0.21573613401128777
categorical__seller_city_penapolis,0.21571204277347938,0.21571204277347938
categorical__customer_city_luis correia,0.2156171605738651,-0.2156171605738651
categorical__customer_city_unistalda,0.21560346347763243,-0.21560346347763243
categorical__customer_city_juvenilia,0.21547941588147343,-0.21547941588147343
categorical__customer_city_luz,0.21542894526538953,-0.21542894526538953
categorical__customer_city_mucambo,0.215326109278006,-0.215326109278006
categorical__customer_city_tomazina,0.21516903930592549,-0.21516903930592549
categorical__customer_city_manduri,0.21513330918710089,-0.21513330918710089
categorical__customer_city_imbau,0.2151247341422526,-0.2151247341422526
categorical__customer_city_boninal,0.21463676079466418,-0.21463676079466418
categorical__customer_city_presidente castello branco,0.2144941003072272,-0.2144941003072272
categorical__customer_city_bom jesus do araguaia,0.2142275037749422,-0.2142275037749422
categorical__customer_city_fronteiras,0.21419959364597185,-0.21419959364597185
categorical__customer_city_caem,0.2141966884138441,-0.2141966884138441
categorical__customer_city_sericita,0.2141094904836129,-0.2141094904836129
categorical__customer_city_messias targino,0.21407670263439244,-0.21407670263439244
categorical__customer_city_sapiranga,0.2137217748426324,0.2137217748426324
categorical__customer_city_lourdes,0.2137060395721287,-0.2137060395721287
categorical__customer_city_medeiros,0.21363286968248757,-0.21363286968248757
categorical__customer_city_mascote,0.2136294216313052,-0.2136294216313052
categorical__customer_city_humberto de campos,0.21362260772520902,-0.21362260772520902
categorical__customer_city_sao cristovao do sul,0.21358334159426012,-0.21358334159426012
categorical__customer_city_ipiranga,0.21355793024834496,-0.21355793024834496
categorical__customer_city_itape,0.21350505526104568,-0.21350505526104568
categorical__customer_city_santa rita de minas,0.21328004679226223,-0.21328004679226223
categorical__customer_city_pirambu,0.213152680970563,-0.213152680970563
categorical__customer_city_muritiba,0.21305424501706602,-0.21305424501706602
categorical__customer_city_serro,0.21275288855155386,-0.21275288855155386
categorical__customer_city_irara,0.21262757040241684,-0.21262757040241684
categorical__customer_city_altonia,0.21189196346254213,-0.21189196346254213
categorical__customer_city_presidente alves,0.21189144011082958,-0.21189144011082958
categorical__customer_city_jacinto,0.21183053547229969,-0.21183053547229969
categorical__customer_city_santa clara do sul,0.21178791002374678,-0.21178791002374678
categorical__seller_city_luziania,0.21167303661930317,-0.21167303661930317
categorical__customer_city_luiz alves,0.21134341280076538,-0.21134341280076538
categorical__customer_city_angelina,0.21120534554476897,-0.21120534554476897
categorical__seller_city_sp,0.2111551590986255,-0.2111551590986255
categorical__seller_city_santo andre/sao paulo,0.21112640580634706,0.21112640580634706
categorical__customer_city_sao jose do serido,0.210911442469974,-0.210911442469974
categorical__customer_city_romaria,0.21077115462807844,-0.21077115462807844
categorical__customer_city_ibirapua,0.21076296424919014,-0.21076296424919014
categorical__seller_state_CE,0.21066556927471553,0.21066556927471553
categorical__seller_city_lagoa santa,0.21021123790607235,0.21021123790607235
categorical__customer_city_lamarao,0.2100883008880386,-0.2100883008880386
categorical__customer_city_milha,0.20990243643669598,-0.20990243643669598
categorical__customer_city_afranio,0.20989886211553266,-0.20989886211553266
categorical__customer_city_bataypora,0.2095145978588028,-0.2095145978588028
categorical__customer_city_imbe de minas,0.2093188038432492,-0.2093188038432492
categorical__customer_city_lauro de freitas,0.20918094762550207,0.20918094762550207
categorical__customer_city_luiziania,0.2089320555887222,-0.2089320555887222
categorical__customer_city_prados,0.2087781869318513,-0.2087781869318513
categorical__customer_city_pedra branca,0.20877542349343747,-0.20877542349343747
categorical__seller_city_londrina,0.2086549126798049,0.2086549126798049
categorical__seller_city_jaragua,0.20777304387302845,-0.20777304387302845
categorical__customer_city_santa luzia do norte,0.20771645403441166,-0.20771645403441166
categorical__customer_city_ribeirao claro,0.20771613770894334,-0.20771613770894334
categorical__customer_city_congonhinhas,0.20769208335068684,-0.20769208335068684
categorical__customer_city_cotriguacu,0.2073738444551252,-0.2073738444551252
categorical__customer_city_peixe,0.20718669556563357,-0.20718669556563357
categorical__customer_city_andre da rocha,0.20717344050811767,-0.20717344050811767
categorical__customer_city_jaqueira,0.20699336770406426,-0.20699336770406426
categorical__customer_city_areial,0.2068575119655796,-0.2068575119655796
categorical__customer_city_periquito,0.20680614768863717,-0.20680614768863717
categorical__customer_city_ibitira,0.20670137041658404,-0.20670137041658404
categorical__customer_state_TO,0.20668523844295916,-0.20668523844295916
categorical__customer_city_rodeiro,0.2065515230105299,-0.2065515230105299
categorical__seller_state_PB,0.20647917327991522,-0.20647917327991522
categorical__customer_city_sao luis do paraitinga,0.2064535979942687,-0.2064535979942687
categorical__customer_city_saudade do iguacu,0.2064401658871289,-0.2064401658871289
categorical__customer_city_marcos parente,0.20617282178927507,-0.20617282178927507
categorical__customer_city_coracao de jesus,0.2061624707874748,-0.2061624707874748
categorical__customer_city_nova resende,0.20568437622812863,-0.20568437622812863
categorical__customer_city_taperuaba,0.20562953803871448,-0.20562953803871448
categorical__customer_city_iacri,0.20560911350612415,-0.20560911350612415
categorical__customer_city_gabriel monteiro,0.2055635894984095,-0.2055635894984095
categorical__customer_city_junco do serido,0.20518383348105484,-0.20518383348105484
categorical__customer_city_bodoquena,0.2047282439541813,-0.2047282439541813
categorical__customer_city_senador jose porfirio,0.20435228117639853,-0.20435228117639853
categorical__customer_city_jundiai do sul,0.20415226142550932,-0.20415226142550932
categorical__customer_city_santo antonio do planalto,0.20407673888723016,-0.20407673888723016
categorical__product_weight_bucket_0-500g,0.20395992030073226,-0.20395992030073226
categorical__customer_city_conceicao das pedras,0.20366205821173833,-0.20366205821173833
categorical__customer_city_simolandia,0.2034158170317086,-0.2034158170317086
categorical__customer_city_cabeceiras,0.20335380106516557,-0.20335380106516557
categorical__customer_city_itaguaje,0.20309034270690093,-0.20309034270690093
categorical__customer_city_reserva,0.2030082184640857,-0.2030082184640857
categorical__seller_city_campo largo,0.20289645408918103,-0.20289645408918103
categorical__customer_city_campo alegre de lourdes,0.2028041930026204,-0.2028041930026204
categorical__customer_city_victor graeff,0.20260032177285278,-0.20260032177285278
categorical__customer_city_mucurici,0.20232269756657134,-0.20232269756657134
categorical__customer_city_eldorado,0.20127754053320993,-0.20127754053320993
categorical__customer_city_agua preta,0.20106168303401492,-0.20106168303401492
categorical__customer_city_durande,0.20074675030315606,-0.20074675030315606
categorical__customer_city_araujos,0.20059061979350226,-0.20059061979350226
categorical__customer_city_uruburetama,0.20045004188605126,-0.20045004188605126
categorical__customer_city_tabapora,0.20044375018093402,-0.20044375018093402
categorical__customer_city_tres irmaos,0.20038565233674135,-0.20038565233674135
categorical__customer_city_joaima,0.2001972293675416,-0.2001972293675416
categorical__customer_city_araguacu,0.20008815181993436,-0.20008815181993436
categorical__customer_city_jacui,0.20005623733435027,-0.20005623733435027
categorical__customer_city_novo lino,0.19992872041655374,-0.19992872041655374
categorical__customer_city_barao do triunfo,0.19989110765603665,-0.19989110765603665
categorical__customer_city_anastacio,0.19973156957891758,-0.19973156957891758
categorical__seller_city_osvaldo cruz,0.19964854365757403,-0.19964854365757403
categorical__customer_city_amaraji,0.19948678399005199,-0.19948678399005199
categorical__customer_city_major vieira,0.19939714404775857,-0.19939714404775857
categorical__seller_city_messias targino,0.19939198058616447,-0.19939198058616447
categorical__customer_city_alpercata,0.19935918235317074,-0.19935918235317074
categorical__customer_city_itatiba do sul,0.19932728161395,-0.19932728161395
categorical__customer_city_piumhi,0.19931086555995575,-0.19931086555995575
categorical__customer_city_borrazopolis,0.19916438278248924,-0.19916438278248924
categorical__customer_city_ilha solteira,0.1991037910546144,0.1991037910546144
categorical__customer_city_timburi,0.19905285074773385,-0.19905285074773385
categorical__customer_city_berizal,0.1989376383394333,-0.1989376383394333
categorical__customer_city_peri mirim,0.19893340668602447,-0.19893340668602447
categorical__customer_city_santo antonio do pinhal,0.198673551029878,-0.198673551029878
categorical__customer_city_ararica,0.19855089297228645,-0.19855089297228645
categorical__customer_city_garopaba,0.19845743154941597,0.19845743154941597
categorical__customer_city_narandiba,0.1983853451478436,-0.1983853451478436
categorical__seller_city_ipe,0.19808873035112495,-0.19808873035112495
categorical__customer_city_monte santo,0.197794423687587,-0.197794423687587
categorical__customer_city_paripueira,0.1976397173748635,-0.1976397173748635
categorical__customer_city_americano do brasil,0.1974804326075097,-0.1974804326075097
categorical__customer_city_irai de minas,0.1974739135798013,-0.1974739135798013
categorical__customer_city_jaupaci,0.19681318050645033,-0.19681318050645033
categorical__customer_city_flores,0.19680590589154875,-0.19680590589154875
categorical__customer_city_carnaiba do sertao,0.19651789129306402,-0.19651789129306402
categorical__customer_city_nazare da mata,0.19632147173364983,-0.19632147173364983
categorical__customer_city_santo antonio do aventureiro,0.1959007265378931,-0.1959007265378931
categorical__customer_city_taquarucu do sul,0.19585215558469518,-0.19585215558469518
categorical__customer_city_itamari,0.19574826071049392,-0.19574826071049392
categorical__customer_city_jari,0.19564298362522758,-0.19564298362522758
categorical__customer_city_planaltino,0.19562646352879848,-0.19562646352879848
categorical__customer_city_iramaia,0.19541972313038886,-0.19541972313038886
categorical__customer_city_dionisio,0.19533065374424946,-0.19533065374424946
categorical__customer_city_barra de santa rosa,0.19532387927610334,-0.19532387927610334
categorical__seller_city_são paulo,0.19505459624489263,-0.19505459624489263
categorical__customer_city_jerico,0.19504324630827172,-0.19504324630827172
categorical__customer_city_pedro leopoldo,0.1949742426078799,-0.1949742426078799
categorical__customer_city_tecainda,0.1949710137938464,-0.1949710137938464
categorical__customer_city_carrancas,0.1949198381749097,-0.1949198381749097
categorical__customer_city_montanhas,0.19487744401421184,-0.19487744401421184
categorical__seller_city_joao monlevade,0.19481858726657175,-0.19481858726657175
categorical__seller_city_bariri,0.19469448948895487,-0.19469448948895487
categorical__customer_city_santo antonio do leverger,0.19457309142280413,-0.19457309142280413
categorical__seller_city_bonfinopolis de minas,0.19451069333755436,-0.19451069333755436
categorical__customer_city_altinopolis,0.1942269346816228,-0.1942269346816228
categorical__customer_city_pintadas,0.1940924590491245,-0.1940924590491245
categorical__customer_city_condeuba,0.19403709194203828,-0.19403709194203828
categorical__seller_city_lages - sc,0.19403649404799336,-0.19403649404799336
categorical__customer_city_sao jose do rio preto,0.1939228825930007,0.1939228825930007
categorical__seller_city_sinop,0.19360334545623978,-0.19360334545623978
categorical__customer_city_cristiano otoni,0.1934659405663819,-0.1934659405663819
categorical__customer_city_mairi,0.19328156701159727,-0.19328156701159727
categorical__customer_city_olimpia,0.1932801747715407,0.1932801747715407
numeric__seller_count,0.1930915645688594,-0.1930915645688594
categorical__seller_city_vila velha,0.19304049347308447,0.19304049347308447
categorical__customer_city_bonfinopolis,0.19280580569237657,-0.19280580569237657
categorical__product_category_name_cama_mesa_banho,0.1927338604877287,0.1927338604877287
categorical__customer_city_ubai,0.19255201715998715,-0.19255201715998715
categorical__customer_city_david canabarro,0.19247752993597408,-0.19247752993597408
categorical__customer_city_bossoroca,0.19234868633142418,-0.19234868633142418
categorical__seller_city_itapecerica da serra,0.19202979823342697,-0.19202979823342697
categorical__customer_city_carmo do rio verde,0.19191738197483807,-0.19191738197483807
categorical__customer_city_agua limpa,0.19186546889066425,-0.19186546889066425
categorical__customer_city_herval,0.191770485003199,-0.191770485003199
categorical__seller_city_irati,0.1914634369826672,-0.1914634369826672
categorical__customer_city_santa maria da serra,0.19141095394528043,-0.19141095394528043
categorical__seller_city_neopolis,0.19139929283603677,-0.19139929283603677
categorical__customer_city_ibema,0.19123237660150108,-0.19123237660150108
categorical__customer_city_missao velha,0.1911467651033217,-0.1911467651033217
categorical__customer_city_cristalia,0.19075119522946607,-0.19075119522946607
categorical__customer_city_salmourao,0.19028953556053427,-0.19028953556053427
categorical__customer_city_sarutaia,0.19018465157730186,-0.19018465157730186
categorical__customer_city_pedro ii,0.190074750566976,-0.190074750566976
categorical__customer_city_sao joao batista do gloria,0.18995152993678302,-0.18995152993678302
categorical__customer_city_vereda,0.18985830596594616,-0.18985830596594616
categorical__customer_city_arraial d ajuda,0.18979879377330305,-0.18979879377330305
categorical__customer_city_moreilandia,0.18970887382018298,-0.18970887382018298
categorical__customer_city_marilac,0.18969319490294279,-0.18969319490294279
categorical__customer_city_bom retiro do sul,0.1895971409730619,-0.1895971409730619
categorical__customer_city_mampituba,0.18957965595544646,-0.18957965595544646
categorical__customer_city_senador amaral,0.18947155217201336,-0.18947155217201336
categorical__customer_city_coronel pacheco,0.18946382235363396,-0.18946382235363396
categorical__customer_city_salto do itarare,0.18939639976108427,-0.18939639976108427
categorical__customer_city_joaquim tavora,0.18920567368148306,-0.18920567368148306
categorical__customer_city_jabora,0.18897689637576198,-0.18897689637576198
categorical__seller_city_itauna,0.1887925407315757,0.1887925407315757
categorical__customer_city_araguapaz,0.1887745657656001,-0.1887745657656001
categorical__customer_city_guariroba,0.18859562080873296,-0.18859562080873296
categorical__customer_city_coite do noia,0.1884986331812268,-0.1884986331812268
categorical__customer_city_riversul,0.18849642696497299,-0.18849642696497299
categorical__customer_city_frutuoso gomes,0.18832685204341387,-0.18832685204341387
categorical__customer_city_senador la rocque,0.18830486296936022,-0.18830486296936022
categorical__customer_city_estrela d'oeste,0.18793126019347361,-0.18793126019347361
categorical__customer_city_carambei,0.1877467957079935,-0.1877467957079935
categorical__customer_city_martins,0.187486594112298,-0.187486594112298
categorical__customer_city_iomere,0.18722461674988242,-0.18722461674988242
categorical__customer_city_pires ferreira,0.18693957970610328,-0.18693957970610328
categorical__customer_city_barracao,0.18691699686945826,-0.18691699686945826
categorical__customer_city_sucupira do norte,0.1867705594129264,-0.1867705594129264
categorical__customer_city_santa monica,0.1866736414133706,-0.1866736414133706
categorical__customer_city_santa barbara d oeste,0.18662834520017463,-0.18662834520017463
categorical__customer_city_aracatu,0.18637863443336297,-0.18637863443336297
categorical__customer_city_irupi,0.18620894589473766,-0.18620894589473766
categorical__customer_city_serra bonita,0.1858772845343045,-0.1858772845343045
categorical__customer_city_salto do ceu,0.18586292662707143,-0.18586292662707143
categorical__customer_city_adamantina,0.18582984173991063,0.18582984173991063
categorical__customer_city_meridiano,0.18567981769428715,-0.18567981769428715
categorical__product_category_name_telefonia_fixa,0.18563907542354594,-0.18563907542354594
categorical__customer_city_fonseca,0.18558585426437427,-0.18558585426437427
categorical__customer_city_general carneiro,0.18558471986965766,-0.18558471986965766
categorical__customer_city_jaguaruna,0.18557574116548728,-0.18557574116548728
categorical__customer_city_croata,0.18553054688828488,-0.18553054688828488
categorical__customer_city_lunardelli,0.18530586824653353,-0.18530586824653353
categorical__customer_city_santo antonio do palma,0.1851940873815316,-0.1851940873815316
categorical__customer_city_curral de cima,0.18515238734955294,-0.18515238734955294
categorical__customer_city_nova floresta,0.1848849281428064,-0.1848849281428064
categorical__customer_city_belo oriente,0.18485680627387005,-0.18485680627387005
categorical__customer_city_rifaina,0.18483334725416495,-0.18483334725416495
categorical__customer_city_carlos chagas,0.18473055295573085,-0.18473055295573085
categorical__customer_city_coracao de maria,0.18460750349979294,-0.18460750349979294
categorical__customer_city_alta floresta d'oeste,0.18448680449558597,-0.18448680449558597
categorical__customer_city_campos verdes,0.18445352557824932,-0.18445352557824932
categorical__customer_city_foz do jordao,0.18444601214640508,-0.18444601214640508
categorical__customer_city_alexandra,0.18418399293122203,-0.18418399293122203
categorical__product_weight_bucket_5-10kg,0.18418248906161128,-0.18418248906161128
categorical__customer_city_sao mamede,0.18406694273041965,-0.18406694273041965
categorical__customer_city_wenceslau braz,0.18394565694187923,-0.18394565694187923
categorical__seller_state_PR,0.18369782358720935,0.18369782358720935
categorical__customer_city_cipo-guacu,0.18340666337919034,-0.18340666337919034
categorical__customer_city_francisco morato,0.18332267980505693,0.18332267980505693
categorical__customer_city_alvarenga,0.18326652592069195,-0.18326652592069195
categorical__customer_city_taboao da serra,0.1832077294274058,-0.1832077294274058
categorical__customer_city_dois riachos,0.18315837119892817,-0.18315837119892817
categorical__customer_city_passagem franca,0.18315543806838855,-0.18315543806838855
categorical__product_category_name_perfumaria,0.18307586081370655,0.18307586081370655
categorical__customer_city_capela de santana,0.1830629017343198,-0.1830629017343198
categorical__customer_city_pinhotiba,0.18304117183302498,-0.18304117183302498
categorical__customer_city_florania,0.18294877001138998,-0.18294877001138998
categorical__customer_city_guarani das missoes,0.1826586852549265,-0.1826586852549265
categorical__freight_value_bucket_0-15,0.18259984153856695,-0.18259984153856695
categorical__customer_city_pato bragado,0.182583698962687,-0.182583698962687
categorical__customer_city_ituiutaba,0.1825381628920727,0.1825381628920727
categorical__seller_city_goioere,0.18238533060756582,-0.18238533060756582
categorical__customer_city_cafeara,0.18229861211355242,-0.18229861211355242
categorical__seller_city_sombrio,0.18225506592137117,-0.18225506592137117
categorical__freight_value_bucket_100+,0.18218693394465585,-0.18218693394465585
categorical__seller_city_atibaia,0.18195313765546678,0.18195313765546678
categorical__customer_city_entre rios do oeste,0.18188264567419293,-0.18188264567419293
categorical__customer_city_porto ferreira,0.1818249194267272,-0.1818249194267272
categorical__customer_city_santa filomena,0.18175819176137867,-0.18175819176137867
categorical__customer_city_pitimbu,0.18172349342881788,-0.18172349342881788
categorical__customer_city_ribeiraozinho,0.18147382566217707,-0.18147382566217707
categorical__customer_city_rio preto,0.18143344656646537,-0.18143344656646537
categorical__customer_city_condor,0.18125642965727307,-0.18125642965727307
categorical__customer_city_bodoco,0.18122853884841794,-0.18122853884841794
categorical__customer_city_leopoldo de bulhoes,0.18074274040708646,-0.18074274040708646
categorical__customer_city_nova russas,0.18071030793171233,0.18071030793171233
categorical__customer_city_areiopolis,0.18066443172132798,-0.18066443172132798
categorical__customer_city_purilandia,0.18050410927492916,-0.18050410927492916
categorical__customer_city_novo sao joaquim,0.18043958994054304,-0.18043958994054304
categorical__customer_city_sao roque de minas,0.18024644964269135,-0.18024644964269135
categorical__seller_city_mucambo,0.18001385941684,-0.18001385941684
categorical__customer_city_itaguara,0.1799437010233853,-0.1799437010233853
categorical__customer_city_sao pedro do sul,0.1798554722319815,-0.1798554722319815
categorical__customer_city_ponto belo,0.17977772209138937,-0.17977772209138937
categorical__customer_city_iaras,0.17968715835058666,-0.17968715835058666
categorical__customer_city_bonfinopolis de minas,0.17957093342956215,-0.17957093342956215
categorical__seller_city_osasco,0.17854620333205048,0.17854620333205048
categorical__seller_city_campanha,0.1782191948275332,-0.1782191948275332
categorical__customer_city_piracema,0.17815704727786538,-0.17815704727786538
categorical__customer_city_orizania,0.17811414181958043,-0.17811414181958043
categorical__customer_city_sabino,0.17800827577479147,-0.17800827577479147
categorical__seller_city_aracaju,0.1778679527019877,-0.1778679527019877
categorical__customer_city_divisa alegre,0.17777144683013915,-0.17777144683013915
categorical__customer_city_isaias coelho,0.17772123936466644,-0.17772123936466644
categorical__customer_city_francisco sa,0.17770448667199126,-0.17770448667199126
categorical__customer_city_ibiracu,0.17756352609925305,-0.17756352609925305
categorical__customer_city_anhandui,0.17743647646673757,-0.17743647646673757
categorical__seller_city_campo magro,0.17735349549217705,-0.17735349549217705
categorical__customer_city_petrolina,0.17727283461288085,-0.17727283461288085
categorical__customer_city_lagoa de velhos,0.1771975890710511,-0.1771975890710511
categorical__customer_city_chapada,0.17719585106460423,-0.17719585106460423
categorical__purchase_day_of_week_6,0.17716910502713296,-0.17716910502713296
categorical__customer_city_barueri,0.1769918347945318,-0.1769918347945318
categorical__customer_city_araripe,0.176984209527542,-0.176984209527542
categorical__seller_city_presidente getulio,0.17660489881758137,-0.17660489881758137
categorical__customer_city_cidelandia,0.17651924645571734,-0.17651924645571734
categorical__customer_city_vitoria do jari,0.1764735537323786,-0.1764735537323786
categorical__customer_city_jamapara,0.17632620549403172,-0.17632620549403172
categorical__customer_city_murucupi,0.17610329865173702,-0.17610329865173702
categorical__customer_city_quarai,0.1758779544234268,-0.1758779544234268
categorical__customer_city_aguas frias,0.17573574603661624,-0.17573574603661624
categorical__customer_city_cabeceira grande,0.17569718755447933,-0.17569718755447933
categorical__seller_city_nhandeara,0.17569152353143241,-0.17569152353143241
categorical__seller_city_lauro de freitas,0.17558416205066416,-0.17558416205066416
categorical__seller_city_garca,0.1754589172878042,0.1754589172878042
categorical__customer_city_tres forquilhas,0.17534433474470562,-0.17534433474470562
categorical__seller_city_scao jose do rio pardo,0.17512443025420973,-0.17512443025420973
categorical__customer_city_aruana,0.1749576229911704,-0.1749576229911704
categorical__customer_city_santana do araguaia,0.17467905182465016,-0.17467905182465016
categorical__customer_city_abaiara,0.17457755926082022,-0.17457755926082022
categorical__customer_city_lupionopolis,0.17444121956188435,-0.17444121956188435
categorical__customer_city_marilandia do sul,0.1742322446893226,-0.1742322446893226
categorical__customer_city_paiva,0.1741080452707811,-0.1741080452707811
categorical__customer_city_terezinha,0.17373962949218696,-0.17373962949218696
categorical__customer_city_abdon batista,0.17335834397552569,-0.17335834397552569
categorical__customer_city_canhotinho,0.1731349895600684,-0.1731349895600684
categorical__customer_city_belo vale,0.17297316174462768,-0.17297316174462768
categorical__customer_city_tejupa,0.17290158309893025,-0.17290158309893025
categorical__customer_city_sabaudia,0.17276755591364007,-0.17276755591364007
categorical__purchase_day_of_week_2,0.1726284313982477,-0.1726284313982477
categorical__customer_city_inconfidentes,0.17252562365374904,-0.17252562365374904
categorical__customer_city_estrela d oeste,0.17251791657246804,-0.17251791657246804
categorical__customer_city_paty do alferes,0.17226183912597975,0.17226183912597975
categorical__customer_city_crisolita,0.17195030778432902,-0.17195030778432902
categorical__seller_city_pitangueiras,0.17180698026234212,-0.17180698026234212
categorical__customer_city_itaicaba,0.17178842664689764,-0.17178842664689764
categorical__customer_city_manaira,0.17166515695786752,-0.17166515695786752
categorical__customer_city_jaci,0.17161958217228307,-0.17161958217228307
categorical__customer_city_brazopolis,0.17142495948985098,-0.17142495948985098
categorical__customer_city_herveiras,0.1713368390680871,-0.1713368390680871
categorical__customer_city_tapurah,0.17128030668126284,-0.17128030668126284
categorical__customer_city_jussiape,0.17124881400309672,-0.17124881400309672
categorical__customer_city_cajamar,0.171219694432776,0.171219694432776
categorical__seller_city_duque de caxias,0.1711870744216105,0.1711870744216105
categorical__customer_city_santa rita do araguaia,0.17118522920324838,-0.17118522920324838
categorical__customer_city_quixada,0.1709504775858133,0.1709504775858133
categorical__customer_city_dormentes,0.17094088333809104,-0.17094088333809104
categorical__customer_city_seringueiras,0.17089589999231242,-0.17089589999231242
categorical__customer_city_meruoca,0.1707576628579448,-0.1707576628579448
categorical__customer_city_telha,0.17014302633933073,-0.17014302633933073
categorical__customer_city_tupandi,0.170045131193256,-0.170045131193256
categorical__customer_city_capela nova,0.16977962215650286,-0.16977962215650286
categorical__customer_city_santo antonio do sudoeste,0.16955643687168176,-0.16955643687168176
categorical__customer_city_laranjal do jari,0.1692775342641431,-0.1692775342641431
categorical__customer_city_california,0.1692346441114595,-0.1692346441114595
categorical__seller_city_castro pires,0.16904485582004683,-0.16904485582004683
categorical__customer_city_aparecida d'oeste,0.1688417682384577,-0.1688417682384577
categorical__customer_city_niteroi,0.16874955681391632,-0.16874955681391632
categorical__customer_city_vargeao,0.16853345483835208,-0.16853345483835208
categorical__customer_city_parauapebas,0.16850133320600882,0.16850133320600882
categorical__customer_city_paraiso do norte,0.1684514817975007,-0.1684514817975007
categorical__customer_city_varzea paulista,0.1681209548704599,0.1681209548704599
categorical__customer_city_arealva,0.16811335332437158,-0.16811335332437158
categorical__customer_city_murutinga do sul,0.16800451832982644,-0.16800451832982644
categorical__customer_city_tanque d'arca,0.1679948866719268,-0.1679948866719268
categorical__customer_city_ceara-mirim,0.16798649752114234,-0.16798649752114234
categorical__customer_city_recreio,0.16784391273416294,-0.16784391273416294
categorical__customer_city_silveiras,0.16782869462030772,-0.16782869462030772
categorical__customer_city_saude,0.16763991891593213,-0.16763991891593213
categorical__customer_city_leandro ferreira,0.16757613032122712,-0.16757613032122712
categorical__customer_city_altamira do parana,0.16742532295108087,-0.16742532295108087
categorical__customer_city_ilha grande,0.16737665573117075,-0.16737665573117075
categorical__customer_city_aracatuba,0.16734864127701837,0.16734864127701837
categorical__seller_city_presidente prudente,0.16729769419414486,-0.16729769419414486
categorical__customer_city_calmon,0.16693261084635447,-0.16693261084635447
categorical__customer_city_aquiraz,0.16689476896704872,-0.16689476896704872
categorical__customer_city_guapiara,0.1667745733318127,-0.1667745733318127
categorical__product_category_name_agro_industria_e_comercio,0.16667687737710526,-0.16667687737710526
categorical__customer_city_luiziana,0.16659607007927685,-0.16659607007927685
categorical__seller_city_cravinhos,0.1665721358452393,-0.1665721358452393
categorical__customer_city_macuco de minas,0.16655509068476618,-0.16655509068476618
categorical__customer_city_caparao,0.16653617865382053,-0.16653617865382053
categorical__customer_city_quitandinha,0.16647697131253283,-0.16647697131253283
categorical__customer_city_santo antonio das queimadas,0.16641609026972737,-0.16641609026972737
categorical__customer_city_sao bonifacio,0.16623865247291822,-0.16623865247291822
categorical__seller_state_DF,0.16618341910477796,-0.16618341910477796
categorical__customer_city_alto rio novo,0.16617722103443486,-0.16617722103443486
categorical__customer_city_canapi,0.16613192260543364,-0.16613192260543364
categorical__customer_city_aragoiania,0.16596828207974573,-0.16596828207974573
categorical__customer_city_japaraiba,0.16596310766092123,-0.16596310766092123
categorical__customer_city_itiquira,0.16570906997385057,-0.16570906997385057
categorical__customer_city_sao vitor,0.16557593676058097,-0.16557593676058097
categorical__customer_city_sao joao de petropolis,0.1655228566401633,-0.1655228566401633
categorical__customer_city_loreto,0.16550693933185334,-0.16550693933185334
categorical__customer_city_claro dos pocoes,0.16543835858742215,-0.16543835858742215
categorical__customer_city_pau brasil,0.16535576151339978,-0.16535576151339978
categorical__customer_city_angicos,0.16527975008212958,-0.16527975008212958
categorical__customer_city_sao jose do goiabal,0.16518427427665153,-0.16518427427665153
categorical__customer_city_bento goncalves,0.16501457296683467,-0.16501457296683467
categorical__seller_city_brotas,0.16498965558966586,-0.16498965558966586
categorical__customer_city_amparo da serra,0.16461725613458295,-0.16461725613458295
categorical__customer_city_mario campos,0.1645283659079189,-0.1645283659079189
categorical__customer_city_ponte nova,0.16452798584784462,-0.16452798584784462
categorical__customer_city_novo alegre,0.16429677149308577,-0.16429677149308577
categorical__customer_city_lagoa dos gatos,0.16421376387108216,-0.16421376387108216
categorical__seller_city_cachoeiro de itapemirim,0.16418289534880828,0.16418289534880828
categorical__customer_city_nova esperanca,0.1641531907873368,-0.1641531907873368
categorical__customer_city_varjao de minas,0.1641287280368015,-0.1641287280368015
categorical__customer_city_virgolandia,0.1639177382680618,-0.1639177382680618
categorical__customer_city_ibiassuce,0.16383880466952144,-0.16383880466952144
categorical__customer_city_muriae,0.1635866004138476,-0.1635866004138476
categorical__customer_city_treviso,0.16354951798103004,-0.16354951798103004
categorical__customer_city_pindoretama,0.1633556587541137,-0.1633556587541137
categorical__customer_city_sao tomas de aquino,0.16316885398189132,-0.16316885398189132
categorical__customer_city_machadinho d'oeste,0.16305805948758176,-0.16305805948758176
categorical__customer_city_araguari,0.16260571321028272,0.16260571321028272
categorical__customer_city_montes claros,0.16255831271960172,-0.16255831271960172
categorical__customer_city_porto murtinho,0.16240288455554458,-0.16240288455554458
categorical__customer_city_sao lourenco,0.16216943867018926,-0.16216943867018926
categorical__customer_city_corguinho,0.16192870385264851,-0.16192870385264851
categorical__customer_city_sao jose do xingu,0.16191120665044115,-0.16191120665044115
categorical__product_category_name_eletroportateis,0.16181158336752283,-0.16181158336752283
categorical__customer_city_coronel murta,0.16177392784092634,-0.16177392784092634
categorical__customer_city_aguas de santa barbara,0.16172748116451408,-0.16172748116451408
categorical__customer_city_goncalves,0.16128318316823015,-0.16128318316823015
categorical__seller_city_angra dos reis rj,0.1612330078493861,-0.1612330078493861
categorical__customer_city_santo antonio do aracangua,0.16115364763112067,-0.16115364763112067
categorical__customer_city_gaviao peixoto,0.16097955409018466,-0.16097955409018466
categorical__customer_city_banabuiu,0.16092265301839717,-0.16092265301839717
categorical__customer_city_abaira,0.16071286678140487,-0.16071286678140487
categorical__customer_city_matelandia,0.160564221335514,-0.160564221335514
categorical__customer_city_pesqueira,0.16039603777938863,0.16039603777938863
categorical__customer_city_pequi,0.16037280281360725,-0.16037280281360725
categorical__customer_city_elisio medrado,0.16020018036217826,-0.16020018036217826
categorical__customer_city_vieiras,0.16015682971680917,-0.16015682971680917
categorical__customer_city_boa vista do burica,0.1600196580390316,-0.1600196580390316
categorical__customer_city_sao bras,0.1600139020084192,-0.1600139020084192
categorical__customer_city_galinhos,0.15990729733207343,-0.15990729733207343
categorical__customer_city_realeza,0.1597889916428301,-0.1597889916428301
categorical__customer_city_agudo,0.15969145129777643,-0.15969145129777643
categorical__customer_city_serio,0.1594367416676283,-0.1594367416676283
categorical__customer_city_valinhos,0.15921209021378485,0.15921209021378485
categorical__customer_city_sao miguel do guapore,0.15920014402162358,-0.15920014402162358
categorical__customer_city_populina,0.15891276385293895,-0.15891276385293895
categorical__customer_city_guajara-mirim,0.15843353691041556,-0.15843353691041556
categorical__customer_city_cristais,0.15842583629135398,-0.15842583629135398
categorical__product_category_name_construcao_ferramentas_seguranca,0.15840419243607898,-0.15840419243607898
categorical__customer_city_capao do cipo,0.15839839150581847,-0.15839839150581847
categorical__customer_city_tomar do geru,0.1580221146710514,-0.1580221146710514
categorical__customer_city_curvelandia,0.15800336102435222,-0.15800336102435222
categorical__seller_city_cruzeiro,0.15796391931235382,0.15796391931235382
categorical__customer_city_orobo,0.15793148540243748,-0.15793148540243748
categorical__customer_city_kalore,0.15757259427274875,-0.15757259427274875
categorical__customer_city_anchieta,0.15748904093967298,-0.15748904093967298
categorical__customer_city_jaboticabal,0.15748781096237838,-0.15748781096237838
categorical__customer_city_sanga puita,0.15712057592143694,-0.15712057592143694
categorical__customer_city_carmopolis,0.15682720248338838,0.15682720248338838
categorical__customer_city_pinhal da serra,0.1567733985611317,-0.1567733985611317
categorical__customer_city_turvolandia,0.15667111863619235,-0.15667111863619235
categorical__customer_city_rubelita,0.15665021638061263,-0.15665021638061263
categorical__customer_city_roca sales,0.15662098749385894,-0.15662098749385894
categorical__product_category_name_market_place,0.1564811095024124,-0.1564811095024124
categorical__customer_city_itanhanga,0.15613899346589077,-0.15613899346589077
categorical__customer_city_baldim,0.15610660695148243,-0.15610660695148243
categorical__customer_city_montenegro,0.15607198216971027,-0.15607198216971027
categorical__customer_city_iretama,0.15590839758696587,-0.15590839758696587
categorical__customer_city_caldas do jorro,0.15545616900534995,-0.15545616900534995
categorical__seller_city_igrejinha,0.15500553062339417,-0.15500553062339417
categorical__seller_city_carapicuiba,0.15499275537480253,0.15499275537480253
categorical__customer_city_natercia,0.15479819850581938,-0.15479819850581938
categorical__product_category_name_construcao_ferramentas_iluminacao,0.15479519255807087,0.15479519255807087
categorical__seller_city_sao miguel d'oeste,0.15471979744843342,-0.15471979744843342
categorical__customer_city_querencia do norte,0.15464055505548158,-0.15464055505548158
categorical__customer_city_capitao andrade,0.15430094529326943,-0.15430094529326943
categorical__customer_city_senador firmino,0.1540267966657488,-0.1540267966657488
categorical__customer_city_lindoeste,0.15382649961177564,-0.15382649961177564
categorical__customer_city_gaurama,0.15374203111029439,-0.15374203111029439
categorical__customer_city_pedregulho,0.15353453406344453,-0.15353453406344453
categorical__customer_city_barrolandia,0.15341319598928532,-0.15341319598928532
categorical__customer_city_estrela do indaia,0.15327856915288574,-0.15327856915288574
categorical__customer_city_pecanha,0.15316126585706769,-0.15316126585706769
categorical__seller_city_holambra,0.15313361143047222,-0.15313361143047222
categorical__customer_city_potim,0.15312020891584574,-0.15312020891584574
categorical__customer_city_amapa do maranhao,0.1527940672150372,-0.1527940672150372
categorical__customer_city_trombas,0.1527556981304401,-0.1527556981304401
categorical__customer_city_nova canaa do norte,0.15275112686813508,-0.15275112686813508
categorical__customer_city_guarda-mor,0.15272717249226875,-0.15272717249226875
categorical__customer_city_palmopolis,0.15234933428913314,-0.15234933428913314
categorical__customer_city_nova boa vista,0.15228883148212605,-0.15228883148212605
categorical__customer_city_tunas do parana,0.1520388589582571,-0.1520388589582571
categorical__customer_city_alterosa,0.1517138788028661,-0.1517138788028661
categorical__customer_city_lucena,0.1516466000777901,-0.1516466000777901
categorical__customer_city_marilena,0.15161880623167281,-0.15161880623167281
categorical__customer_city_santa mercedes,0.15156539870652586,-0.15156539870652586
categorical__customer_city_sao jorge d'oeste,0.15143459290353556,-0.15143459290353556
categorical__customer_city_arara,0.15119843143970355,-0.15119843143970355
categorical__customer_city_ibitiara,0.1511317224409375,-0.1511317224409375
categorical__customer_city_sao goncalo do rio das pedras,0.15106835610283437,-0.15106835610283437
categorical__product_weight_bucket_10kg+,0.15090624953880488,0.15090624953880488
categorical__customer_city_augusto pestana,0.15086784253849947,-0.15086784253849947
categorical__customer_city_bom jardim,0.15081602662609847,-0.15081602662609847
categorical__seller_city_itau de minas,0.15074784980417194,-0.15074784980417194
categorical__customer_city_japira,0.15069546491940844,-0.15069546491940844
categorical__customer_city_porangaba,0.15066175025205614,-0.15066175025205614
categorical__customer_city_farol,0.15062333914611778,-0.15062333914611778
categorical__customer_city_monte formoso,0.15050172935841058,-0.15050172935841058
categorical__customer_city_erval grande,0.15038734485138255,-0.15038734485138255
categorical__product_category_name_moveis_escritorio,0.1503256525654011,0.1503256525654011
categorical__customer_city_pimenta,0.15025423005229926,-0.15025423005229926
categorical__customer_city_jardim alegre,0.15022213522723288,-0.15022213522723288
categorical__customer_city_renascenca,0.150025575574598,-0.150025575574598
categorical__customer_city_combinado,0.14990909449614892,-0.14990909449614892
categorical__customer_city_erebango,0.14986159425660614,-0.14986159425660614
categorical__customer_city_santa amelia,0.14976772537087213,-0.14976772537087213
categorical__seller_city_tambau,0.14958130776872405,-0.14958130776872405
categorical__customer_city_pureza,0.14948804204842975,-0.14948804204842975
categorical__customer_city_ipupiara,0.1492830867027486,-0.1492830867027486
categorical__customer_city_poxoreu,0.14927733075744054,-0.14927733075744054
categorical__customer_city_simplicio mendes,0.1490894771626044,-0.1490894771626044
categorical__customer_city_paranatinga,0.14874285290527517,-0.14874285290527517
categorical__customer_city_alvaro de carvalho,0.14869398297985753,-0.14869398297985753
categorical__seller_city_baependi,0.14858733121390544,-0.14858733121390544
categorical__customer_city_wanderley,0.1484802999087082,-0.1484802999087082
categorical__customer_city_rio formoso,0.14841517696584536,-0.14841517696584536
categorical__seller_city_ji parana,0.1481979536237664,-0.1481979536237664
categorical__customer_city_alto paraiso,0.1478972918351797,-0.1478972918351797
categorical__seller_city_pinhais/pr,0.14787244438972863,-0.14787244438972863
categorical__customer_city_sao jose do inhacora,0.14781187739108767,-0.14781187739108767
categorical__customer_city_coronel freitas,0.14774809342727627,-0.14774809342727627
categorical__customer_city_bauru,0.14767834188402765,0.14767834188402765
categorical__customer_city_pedralva,0.1476567991984719,-0.1476567991984719
categorical__customer_city_alcantara,0.1475345606084644,-0.1475345606084644
categorical__customer_city_maracaju,0.14746116967003461,-0.14746116967003461
categorical__customer_city_protasio alves,0.1474064347860104,-0.1474064347860104
categorical__customer_city_aparecida de sao manuel,0.14722390207093045,-0.14722390207093045
categorical__customer_city_queiroz,0.1471141315377563,-0.1471141315377563
categorical__seller_city_oliveira,0.14708829045281735,-0.14708829045281735
categorical__customer_city_cruzeiro do iguacu,0.14702811339205715,-0.14702811339205715
categorical__customer_city_domingos martins,0.14679195958017272,0.14679195958017272
categorical__customer_city_diorama,0.14668477639914348,-0.14668477639914348
categorical__product_weight_bucket_1-5kg,0.14663574753561523,-0.14663574753561523
categorical__customer_city_jequitai,0.14636007093415285,-0.14636007093415285
categorical__customer_city_campos dos goytacazes,0.1463240953371222,0.1463240953371222
categorical__seller_city_cascavael,0.1462842870235077,-0.1462842870235077
categorical__customer_city_paulo afonso,0.14626616698037034,-0.14626616698037034
categorical__customer_city_divinopolis de goias,0.14625864406102937,-0.14625864406102937
categorical__purchase_day_of_week_3,0.14624555682368814,-0.14624555682368814
categorical__customer_city_sao jose da boa vista,0.14623475309803383,-0.14623475309803383
categorical__customer_city_itaguai,0.14622979838532604,-0.14622979838532604
categorical__customer_city_sao jose da bela vista,0.14617597925102738,-0.14617597925102738
categorical__product_category_name_tablets_impressao_imagem,0.14609377455051392,-0.14609377455051392
categorical__customer_city_bonito de santa fe,0.14598763276649468,-0.14598763276649468
categorical__customer_city_morro reuter,0.14570820697759876,-0.14570820697759876
categorical__customer_city_orindiuva,0.14566115171905455,-0.14566115171905455
categorical__customer_city_lobato,0.1456166477581137,-0.1456166477581137
categorical__customer_city_alfredo marcondes,0.14559887011054173,-0.14559887011054173
categorical__customer_city_ravena,0.14558910744743242,-0.14558910744743242
categorical__seller_city_cerqueira cesar,0.1448526349692715,-0.1448526349692715
categorical__customer_city_juscimeira,0.14450721065209773,-0.14450721065209773
categorical__customer_city_cambe,0.14439980146885834,0.14439980146885834
categorical__customer_city_campo alegre de minas,0.14434274541316322,-0.14434274541316322
categorical__customer_city_carmolandia,0.14378606006522918,-0.14378606006522918
categorical__customer_city_jequitiba,0.14376279913077084,-0.14376279913077084
categorical__customer_city_santa rita de jacutinga,0.1436878581088385,-0.1436878581088385
categorical__customer_city_tuparece,0.14347533020186232,-0.14347533020186232
categorical__customer_city_indiana,0.1431323573294208,-0.1431323573294208
categorical__seller_city_governador valadares,0.14307228920886417,-0.14307228920886417
categorical__customer_city_jambeiro,0.14291936605099642,-0.14291936605099642
categorical__customer_city_santa cruz do timbo,0.14275428985956154,-0.14275428985956154
categorical__customer_city_sao bernardino,0.14266057986996383,-0.14266057986996383
categorical__seller_city_robeirao preto,0.1424345185451938,-0.1424345185451938
categorical__customer_city_santa helena de minas,0.14228612207989558,-0.14228612207989558
categorical__customer_city_vila reis,0.14222090244099753,-0.14222090244099753
categorical__customer_city_pedranopolis,0.14210321924405087,-0.14210321924405087
categorical__customer_city_nazario,0.1419927360361991,-0.1419927360361991
categorical__customer_city_santa fe de goias,0.1419616008603091,-0.1419616008603091
categorical__customer_city_moncao,0.14194617928256914,-0.14194617928256914
categorical__customer_city_itamogi,0.14176742433672568,-0.14176742433672568
categorical__customer_city_cupira,0.14168695754165953,-0.14168695754165953
categorical__customer_city_bueno brandao,0.14157807591971652,-0.14157807591971652
categorical__customer_city_boa vista da aparecida,0.14141445656014934,-0.14141445656014934
categorical__seller_city_campos novos,0.14135252673686155,-0.14135252673686155
categorical__seller_city_monte siao,0.14133922973175098,-0.14133922973175098
categorical__customer_city_santana de pirapama,0.14103454428151027,-0.14103454428151027
categorical__customer_city_agua fria de goias,0.1407960448449069,-0.1407960448449069
categorical__customer_city_guidoval,0.14073836540216061,-0.14073836540216061
categorical__customer_city_acucena,0.1405499790458942,-0.1405499790458942
categorical__product_category_name_pet_shop,0.14054591079061965,0.14054591079061965
categorical__seller_city_ribeirao pires,0.14041046940122343,0.14041046940122343
categorical__customer_city_sao felix de minas,0.1403781639535588,-0.1403781639535588
categorical__customer_city_jau,0.1401136245755974,-0.1401136245755974
categorical__customer_city_candelaria,0.1400185508479155,-0.1400185508479155
categorical__customer_city_agronomica,0.13995364100544583,-0.13995364100544583
categorical__customer_city_itaguari,0.13995228618671615,-0.13995228618671615
categorical__customer_city_sapopema,0.13970104120192584,-0.13970104120192584
categorical__customer_city_campo alegre do fidalgo,0.1393852387276712,-0.1393852387276712
categorical__seller_city_araguari,0.1393440517379511,-0.1393440517379511
categorical__seller_city_sao joao da boa vista,0.13929235808682067,-0.13929235808682067
categorical__customer_city_brejoes,0.1392172523980596,-0.1392172523980596
categorical__customer_city_inimutaba,0.13921595740825543,-0.13921595740825543
categorical__seller_city_barro alto,0.13918253821176876,-0.13918253821176876
categorical__seller_city_vendas@creditparts.com.br,0.13902633248018578,-0.13902633248018578
categorical__customer_city_varzelandia,0.13900297766400488,-0.13900297766400488
categorical__seller_city_tocantins,0.1388165141364549,-0.1388165141364549
categorical__customer_city_pains,0.13874539019066173,-0.13874539019066173
categorical__customer_city_sao jose dos quatro marcos,0.13857529755517287,-0.13857529755517287
categorical__customer_city_santo inacio,0.13844479624924516,-0.13844479624924516
categorical__customer_city_santa maria madalena,0.13805553131071754,0.13805553131071754
categorical__customer_city_caninde de sao francisco,0.13799635540607177,-0.13799635540607177
categorical__customer_city_guapirama,0.1379435381063324,-0.1379435381063324
categorical__customer_city_picarra,0.1377689190645752,-0.1377689190645752
categorical__customer_city_jeriquara,0.1375931799876794,-0.1375931799876794
categorical__customer_city_sao jorge,0.13737393798032985,-0.13737393798032985
categorical__customer_city_trindade,0.13714023200111974,0.13714023200111974
categorical__seller_city_sp / sp,0.13708242777555266,-0.13708242777555266
categorical__customer_city_morro do pilar,0.1370761989633013,-0.1370761989633013
categorical__seller_city_mogi mirim,0.1370281265697088,0.1370281265697088
categorical__seller_city_santa rosa,0.13693324770635815,-0.13693324770635815
categorical__customer_city_nova guataporanga,0.1369225740335537,-0.1369225740335537
categorical__customer_city_nonoai,0.1368845774438347,-0.1368845774438347
categorical__customer_city_conrado,0.1368570409057176,-0.1368570409057176
categorical__customer_city_jequie,0.13678355189003089,-0.13678355189003089
categorical__customer_city_arroio trinta,0.13662318172145,-0.13662318172145
categorical__customer_city_vitorino freire,0.13651662755882604,-0.13651662755882604
categorical__customer_city_prudente de morais,0.13648233953919695,-0.13648233953919695
categorical__customer_city_bertolinia,0.13633798673524994,-0.13633798673524994
categorical__customer_city_baixa grande do ribeiro,0.1363297705873512,-0.1363297705873512
categorical__customer_city_altinho,0.1363226449451685,-0.1363226449451685
categorical__customer_city_valparaiso de goias,0.13631537277893585,0.13631537277893585
categorical__customer_city_pirapora do bom jesus,0.13621531505491272,0.13621531505491272
categorical__customer_city_planura,0.13618186892715978,-0.13618186892715978
categorical__customer_city_euclides da cunha paulista,0.13614929406823612,-0.13614929406823612
categorical__customer_city_montalvania,0.1361440694968505,-0.1361440694968505
categorical__customer_city_jose boiteux,0.13610272563812262,-0.13610272563812262
categorical__customer_city_gameleiras,0.13605394001021986,-0.13605394001021986
categorical__customer_city_erico cardoso,0.1360136485097213,-0.1360136485097213
categorical__seller_city_joinville,0.13599250530027748,0.13599250530027748
categorical__customer_city_varzea do poco,0.13598820057724018,-0.13598820057724018
categorical__customer_city_massaranduba,0.13581619164752887,-0.13581619164752887
categorical__customer_city_sao joao do oriente,0.13565521742193165,-0.13565521742193165
categorical__customer_city_ipiranga do norte,0.13555558468529993,-0.13555558468529993
categorical__customer_city_chacara,0.1354615045628726,-0.1354615045628726
categorical__customer_city_ibitita,0.13513661790341097,-0.13513661790341097
categorical__customer_city_goitacazes,0.13497331532999368,-0.13497331532999368
categorical__customer_city_santa izabel do oeste,0.13491573305815183,-0.13491573305815183
categorical__customer_city_teofilo otoni,0.13489738844465923,0.13489738844465923
categorical__freight_value_bucket_60-100,0.13489678838436703,-0.13489678838436703
categorical__customer_city_guape,0.13489183877465352,-0.13489183877465352
categorical__customer_city_brasilia,0.13469539648086992,0.13469539648086992
categorical__customer_city_gameleira,0.13469146271392232,-0.13469146271392232
categorical__customer_city_morro do ferro,0.13454793390403835,-0.13454793390403835
categorical__customer_city_taboquinhas,0.13446800390321204,-0.13446800390321204
categorical__customer_city_ressaquinha,0.1344196613666685,-0.1344196613666685
categorical__seller_city_macatuba,0.13438049044056377,-0.13438049044056377
categorical__customer_city_dom silverio,0.1339984827459364,-0.1339984827459364
categorical__customer_city_nova hartz,0.13396039507773042,-0.13396039507773042
categorical__customer_city_jurema,0.13378139056553545,-0.13378139056553545
categorical__customer_city_fatima,0.13355953018219024,-0.13355953018219024
categorical__customer_city_rio doce,0.1334331630064596,-0.1334331630064596
categorical__customer_city_patrocinio paulista,0.13311833684541335,-0.13311833684541335
categorical__customer_city_lupercio,0.13307154536015703,-0.13307154536015703
categorical__customer_city_nova odessa,0.13300106950146204,-0.13300106950146204
categorical__customer_city_piacu,0.13282813890437478,-0.13282813890437478
categorical__customer_city_macambara,0.13264358171693752,-0.13264358171693752
categorical__customer_city_pocao de pedras,0.13264314017051979,-0.13264314017051979
categorical__customer_city_sobralia,0.13251188355823654,-0.13251188355823654
categorical__customer_city_flor da serra do sul,0.13237927463198443,-0.13237927463198443
categorical__customer_city_novo machado,0.13233757446893424,-0.13233757446893424
categorical__customer_city_sao joaquim do monte,0.13231644017354613,-0.13231644017354613
categorical__seller_city_varzea alegre,0.13231272002812766,-0.13231272002812766
categorical__customer_city_putinga,0.13229276271542748,-0.13229276271542748
categorical__customer_city_elisiario,0.13226969745355452,-0.13226969745355452
categorical__customer_city_sao pedro de alcantara,0.1322087936473614,-0.1322087936473614
categorical__seller_city_rio claro,0.1318596595314337,0.1318596595314337
categorical__customer_city_pindorama,0.13169410957804512,-0.13169410957804512
categorical__customer_city_santa cruz do piaui,0.13120122288860256,-0.13120122288860256
categorical__customer_city_domiciano ribeiro,0.1311726660592161,-0.1311726660592161
categorical__customer_city_conceicao do caninde,0.13059903911252385,-0.13059903911252385
categorical__customer_city_jussari,0.13024132243827097,-0.13024132243827097
categorical__customer_city_ibiracatu,0.1300816118665712,-0.1300816118665712
categorical__customer_city_frei rogerio,0.12992373539692376,-0.12992373539692376
categorical__customer_city_agua comprida,0.12973868523325544,-0.12973868523325544
categorical__customer_city_canaa,0.1297055104562265,-0.1297055104562265
categorical__customer_city_rio dos indios,0.12953320255039727,-0.12953320255039727
categorical__customer_city_rincao,0.12950070596254487,-0.12950070596254487
categorical__customer_city_gravatai,0.12939839723124807,0.12939839723124807
categorical__customer_city_alagoa nova,0.1291914207395962,-0.1291914207395962
categorical__customer_city_cerro negro,0.1289597185510748,-0.1289597185510748
categorical__customer_city_porto estrela,0.12865948171903585,-0.12865948171903585
categorical__customer_city_cajari,0.12847241333651105,-0.12847241333651105
categorical__customer_city_planaltina de goias,0.12846314723526953,-0.12846314723526953
categorical__customer_city_segredo,0.12833351591020076,-0.12833351591020076
categorical__seller_city_abadia de goias,0.12828891972967424,-0.12828891972967424
categorical__customer_city_mesquita,0.1282698448325275,-0.1282698448325275
categorical__customer_city_aiuruoca,0.12792867466146282,-0.12792867466146282
categorical__customer_city_caraibas,0.1278148168603519,-0.1278148168603519
categorical__customer_city_virginia,0.12765679636812283,-0.12765679636812283
categorical__customer_city_salobro,0.12742297576592776,-0.12742297576592776
categorical__customer_city_sanharo,0.12723364636368695,-0.12723364636368695
categorical__customer_city_lavrinhas,0.1271929598127872,-0.1271929598127872
categorical__customer_city_crominia,0.12715281661672484,-0.12715281661672484
categorical__customer_city_capitao,0.12714713617346138,-0.12714713617346138
categorical__customer_city_porto acre,0.12693117508550897,-0.12693117508550897
categorical__customer_city_maurilandia,0.1268876375459244,-0.1268876375459244
categorical__customer_city_santo expedito,0.1267792463219376,-0.1267792463219376
categorical__customer_city_ibiam,0.12653825029720647,-0.12653825029720647
categorical__customer_city_martinesia,0.12653594126805878,-0.12653594126805878
categorical__customer_city_campo grande do piaui,0.12652296301111754,-0.12652296301111754
categorical__customer_city_sao joao do ivai,0.1264382297479672,-0.1264382297479672
categorical__customer_city_sao francisco do brejao,0.12608670684164966,-0.12608670684164966
categorical__customer_city_nova araca,0.12566371933766268,-0.12566371933766268
categorical__customer_city_ibirarema,0.125600966032764,-0.125600966032764
categorical__customer_city_redentora,0.12551401428016168,-0.12551401428016168
categorical__customer_city_vila bela da santissima trindade,0.12545745305509656,-0.12545745305509656
categorical__customer_city_sabara,0.1251637439143696,-0.1251637439143696
categorical__customer_city_tres arroios,0.1251031926430784,-0.1251031926430784
categorical__customer_city_sao bento abade,0.12451697701950414,-0.12451697701950414
categorical__customer_city_santo antonio do caiua,0.12444869688781074,-0.12444869688781074
categorical__customer_city_santo antonio do rio abaixo,0.1243768737877827,-0.1243768737877827
categorical__customer_city_balsa nova,0.12430651815186616,-0.12430651815186616
categorical__customer_city_apore,0.12420084263504241,-0.12420084263504241
categorical__customer_city_santa maria do herval,0.1241550230567242,-0.1241550230567242
categorical__customer_city_remanso,0.12380267418742165,0.12380267418742165
categorical__customer_city_guaraciaba,0.12378820698374382,-0.12378820698374382
categorical__customer_city_claraval,0.12376441831223581,-0.12376441831223581
categorical__customer_city_tocos do moji,0.12336550505770838,-0.12336550505770838
categorical__customer_city_nortelandia,0.12333761530730453,-0.12333761530730453
categorical__customer_city_tunapolis,0.12330731811848733,-0.12330731811848733
categorical__seller_state_MT,0.12329323115337443,0.12329323115337443
categorical__customer_city_montauri,0.12328680125245234,-0.12328680125245234
categorical__customer_city_barao ataliba nogueira,0.12326054779776542,-0.12326054779776542
categorical__customer_city_aguas vermelhas,0.1231756658396281,-0.1231756658396281
categorical__customer_city_jamaica,0.12286765504091594,-0.12286765504091594
categorical__customer_city_sao francisco do gloria,0.12286597124756804,-0.12286597124756804
categorical__seller_city_sao  jose dos pinhais,0.12279474361524252,-0.12279474361524252
categorical__product_category_name_construcao_ferramentas_jardim,0.12278963611562499,0.12278963611562499
categorical__customer_city_santo antonio dos campos,0.12274119790472046,-0.12274119790472046
categorical__customer_city_joao alfredo,0.12271301148514323,-0.12271301148514323
categorical__customer_city_pianco,0.12262069491296372,-0.12262069491296372
categorical__seller_city_jaciara,0.12253521914765496,-0.12253521914765496
categorical__customer_city_oriente,0.12246649572729149,-0.12246649572729149
categorical__customer_city_aurea,0.12242159563193553,-0.12242159563193553
categorical__customer_city_parisi,0.12221184170558727,-0.12221184170558727
categorical__customer_city_jucurucu,0.12192440746168627,-0.12192440746168627
categorical__customer_city_gloria de dourados,0.12173586857016026,-0.12173586857016026
categorical__customer_city_tapera,0.1216774103834603,-0.1216774103834603
categorical__customer_city_paranhos,0.12142437601951563,-0.12142437601951563
categorical__customer_city_alvorada do gurgueia,0.1214069015347297,-0.1214069015347297
categorical__customer_city_cerejeiras,0.12134198130243126,-0.12134198130243126
categorical__seller_city_sao paulo,0.12127161426158237,0.12127161426158237
categorical__seller_city_santo andre,0.12120396104373887,-0.12120396104373887
categorical__customer_city_novo planalto,0.12111892132060875,-0.12111892132060875
categorical__customer_city_pirpirituba,0.12104404213879817,-0.12104404213879817
categorical__customer_city_antonio carlos,0.12102096159191152,-0.12102096159191152
categorical__customer_city_centralina,0.12098380221564578,-0.12098380221564578
categorical__customer_city_barbosa ferraz,0.12097822649536424,-0.12097822649536424
categorical__seller_city_avare,0.12082552413919143,-0.12082552413919143
categorical__customer_city_silveira martins,0.12081843912423752,-0.12081843912423752
categorical__customer_city_descoberto,0.12078015858181819,-0.12078015858181819
categorical__product_category_name_automotivo,0.1207102757252797,0.1207102757252797
categorical__customer_city_taciba,0.1206411862103375,-0.1206411862103375
categorical__customer_city_tapinas,0.12060049732357885,-0.12060049732357885
categorical__customer_city_colonia jordaozinho,0.12009553256446273,-0.12009553256446273
categorical__customer_city_remigio,0.1200940302373912,-0.1200940302373912
categorical__customer_city_arenapolis,0.11993181995603286,-0.11993181995603286
categorical__customer_city_japeri,0.11982789848210648,0.11982789848210648
categorical__customer_city_ibertioga,0.11976576988577996,-0.11976576988577996
categorical__customer_city_tupassi,0.11947237998497803,-0.11947237998497803
categorical__customer_city_formosa do oeste,0.11939790338890979,-0.11939790338890979
categorical__seller_city_massaranduba,0.11933958919694564,0.11933958919694564
categorical__customer_city_alpestre,0.11927564271515878,-0.11927564271515878
categorical__customer_city_catalao,0.11913246861140264,0.11913246861140264
categorical__customer_city_lutecia,0.119076323796569,-0.119076323796569
categorical__seller_city_sando andre,0.11899152078443995,0.11899152078443995
categorical__customer_city_santana do sobrado,0.11897976975307752,-0.11897976975307752
categorical__customer_city_nantes,0.11876171336206451,-0.11876171336206451
categorical__customer_city_santa brigida,0.11867393986843155,-0.11867393986843155
categorical__customer_city_ararangua,0.11859978902946183,0.11859978902946183
categorical__customer_city_inga,0.11855375285314648,-0.11855375285314648
categorical__customer_city_chapadao do lageado,0.11818401743934458,-0.11818401743934458
categorical__customer_city_vitoria,0.11794218676646054,0.11794218676646054
categorical__customer_city_estevao de araujo,0.11792253860597703,-0.11792253860597703
categorical__customer_city_paula candido,0.11788021061729001,-0.11788021061729001
categorical__seller_city_valinhos,0.11782955615724806,0.11782955615724806
categorical__customer_city_jardim de piranhas,0.11782538752509143,-0.11782538752509143
categorical__customer_city_ibitioca,0.11775137432674569,-0.11775137432674569
categorical__customer_city_cotegipe,0.11751965379227931,-0.11751965379227931
categorical__customer_city_caseiros,0.11714675384142438,-0.11714675384142438
categorical__customer_city_ladainha,0.11711441219388848,-0.11711441219388848
categorical__customer_city_presidente nereu,0.1171129097988521,-0.1171129097988521
categorical__customer_city_brejo santo,0.11705096123535191,0.11705096123535191
categorical__customer_city_ferros,0.11700094919427938,-0.11700094919427938
categorical__customer_city_sao pedro do butia,0.1168492661148429,-0.1168492661148429
categorical__customer_city_vigia,0.11665128752539657,-0.11665128752539657
categorical__customer_city_bocaiuva do sul,0.11634769773614627,-0.11634769773614627
categorical__customer_city_boa vista do cadeado,0.11599840812429671,-0.11599840812429671
categorical__seller_city_barbacena,0.11560447900893558,-0.11560447900893558
categorical__seller_city_campina grande,0.11555013463461654,-0.11555013463461654
categorical__seller_city_serra redonda,0.11530550931968325,-0.11530550931968325
categorical__customer_city_boituva,0.11530137711298248,-0.11530137711298248
categorical__customer_city_ouro verde de goias,0.11508024213666886,-0.11508024213666886
categorical__customer_city_planaltina do parana,0.11507722753297037,-0.11507722753297037
categorical__customer_city_ibiaca,0.11504815767616841,-0.11504815767616841
categorical__customer_city_carneirinho,0.11497509032571149,-0.11497509032571149
categorical__customer_city_joaquim pires,0.11465313232746911,-0.11465313232746911
categorical__customer_city_pratapolis,0.11460013538995469,-0.11460013538995469
categorical__customer_city_mogi-mirim,0.11453479749215152,-0.11453479749215152
categorical__customer_city_conceicao do formoso,0.11446392510901883,-0.11446392510901883
categorical__customer_city_engenheiro balduino,0.11437563145680493,-0.11437563145680493
categorical__customer_city_cristinapolis,0.1143389893930875,-0.1143389893930875
categorical__customer_city_madre de deus,0.1139736012270008,-0.1139736012270008
categorical__customer_city_ibitiuva,0.11391623625714475,-0.11391623625714475
categorical__customer_city_sao luiz do norte,0.11359302091872639,-0.11359302091872639
categorical__product_category_name_casa_conforto,0.1135761844223778,0.1135761844223778
categorical__customer_city_termas de ibira,0.11353497709203444,-0.11353497709203444
categorical__customer_city_sao joao batista,0.11351850807580444,0.11351850807580444
categorical__customer_city_bento de abreu,0.11344083878955631,-0.11344083878955631
categorical__customer_city_campo magro,0.11252179672865292,-0.11252179672865292
categorical__customer_city_araruama,0.11232303889533304,-0.11232303889533304
categorical__customer_city_guabiju,0.11225182895691482,-0.11225182895691482
categorical__customer_city_porto rico,0.11176560297074292,-0.11176560297074292
categorical__customer_city_liberdade,0.11171391027097251,-0.11171391027097251
categorical__customer_city_colorado do oeste,0.11159016416942866,-0.11159016416942866
categorical__customer_city_presidente lucena,0.11155632245191265,-0.11155632245191265
categorical__customer_city_santo antonio de padua,0.1114527392374807,0.1114527392374807
categorical__customer_city_cascalho rico,0.11126791724884529,-0.11126791724884529
categorical__customer_city_padre paraiso,0.11111670099475439,-0.11111670099475439
categorical__customer_city_marques de souza,0.11098805986622683,-0.11098805986622683
categorical__customer_city_itambaraca,0.1106545025770814,-0.1106545025770814
categorical__customer_city_pedra bela,0.1106491343716422,-0.1106491343716422
categorical__customer_city_registro,0.11049631072365788,0.11049631072365788
categorical__customer_city_perola d'oeste,0.11034870172984358,-0.11034870172984358
categorical__customer_city_santa maria do suacui,0.10959112272427254,-0.10959112272427254
categorical__customer_city_sandolandia,0.109574107603625,-0.109574107603625
categorical__customer_city_machados,0.10956079812216375,-0.10956079812216375
categorical__customer_city_rio bonito do iguacu,0.10947446423024236,-0.10947446423024236
categorical__customer_city_carvalhopolis,0.10927723921278977,-0.10927723921278977
categorical__customer_city_taparuba,0.10925955808083139,-0.10925955808083139
categorical__customer_city_morro de sao paulo,0.10920163264754543,-0.10920163264754543
categorical__customer_city_ouro,0.10917530806167437,-0.10917530806167437
categorical__customer_city_tamboara,0.1090760206138695,-0.1090760206138695
categorical__customer_city_piacatu,0.10895228434218654,-0.10895228434218654
categorical__customer_city_boraceia,0.10891966416281296,-0.10891966416281296
categorical__seller_city_nova odessa,0.10886797731132707,-0.10886797731132707
categorical__customer_city_conceicao do almeida,0.10857500308600587,-0.10857500308600587
categorical__customer_city_douradina,0.10854655231358623,-0.10854655231358623
categorical__customer_city_mato leitao,0.10851833059463387,-0.10851833059463387
categorical__customer_city_santa rita do ibitipoca,0.10833534374087009,-0.10833534374087009
categorical__product_category_name_brinquedos,0.10826104849231796,0.10826104849231796
categorical__customer_city_barreira,0.1082136547051157,-0.1082136547051157
categorical__customer_city_tumiritinga,0.10796288536301586,-0.10796288536301586
categorical__customer_city_ponto novo,0.10784031050194434,-0.10784031050194434
categorical__seller_city_torres,0.10767297111387678,-0.10767297111387678
categorical__customer_city_teresina de goias,0.10751460700072832,-0.10751460700072832
categorical__customer_city_cujubim,0.10733241006405234,-0.10733241006405234
categorical__purchase_day_of_week_1,0.1064381106985513,-0.1064381106985513
categorical__customer_city_seberi,0.10643143159378742,-0.10643143159378742
categorical__seller_city_pedreira,0.10641886026224573,-0.10641886026224573
categorical__customer_city_sao joao do sabugi,0.10621793445805144,-0.10621793445805144
categorical__customer_city_santa clara d'oeste,0.10602645585896109,-0.10602645585896109
categorical__customer_city_camacho,0.10578114255352455,-0.10578114255352455
categorical__customer_city_arapua,0.10573905938773288,-0.10573905938773288
categorical__customer_city_itaberaba,0.10571901973187875,-0.10571901973187875
categorical__customer_city_pindare mirim,0.10562144841423719,0.10562144841423719
categorical__customer_city_ouro verde do oeste,0.10556541155547655,-0.10556541155547655
categorical__customer_city_manoel viana,0.10532712907782352,-0.10532712907782352
categorical__customer_city_ipigua,0.10524406049441541,-0.10524406049441541
categorical__customer_city_paulistania,0.10519608457272539,-0.10519608457272539
categorical__seller_city_mandaguari,0.10510056666893111,-0.10510056666893111
categorical__customer_city_luisburgo,0.10506078334733002,-0.10506078334733002
categorical__customer_city_nova esperanca do sudoeste,0.10489694260553067,-0.10489694260553067
categorical__customer_city_pinhais,0.10484374856499316,-0.10484374856499316
categorical__customer_city_ceilandia,0.10481587140499232,-0.10481587140499232
categorical__customer_city_nova lacerda,0.10479344293425512,-0.10479344293425512
categorical__customer_city_piracanjuba,0.1047624366716662,0.1047624366716662
categorical__customer_city_varginha,0.1046508724029331,-0.1046508724029331
categorical__customer_city_tacuru,0.10462799119125936,-0.10462799119125936
categorical__customer_city_lagoa do piaui,0.10431458804267628,-0.10431458804267628
categorical__customer_city_aguas mornas,0.10425922795170227,-0.10425922795170227
categorical__customer_city_presidente kubitschek,0.1042151106869303,-0.1042151106869303
categorical__customer_city_sao jose do campestre,0.10413865525341243,-0.10413865525341243
categorical__customer_city_poco verde,0.1039914149862297,0.1039914149862297
categorical__seller_city_aperibe,0.10377643007045637,-0.10377643007045637
categorical__customer_city_serranopolis de minas,0.10374993970472918,-0.10374993970472918
categorical__customer_city_quevedos,0.10321418832857075,-0.10321418832857075
categorical__customer_city_jaraguari,0.10319507159945918,-0.10319507159945918
categorical__customer_city_prudencio thomaz,0.10316225365605032,-0.10316225365605032
categorical__seller_city_bauru,0.10308722093244087,-0.10308722093244087
categorical__customer_city_guamiranga,0.10308446311186667,-0.10308446311186667
categorical__customer_city_sao joao da parauna,0.10284208239150229,-0.10284208239150229
categorical__customer_city_lajeado grande,0.10252937337249646,-0.10252937337249646
categorical__customer_city_romelandia,0.1024943140569102,-0.1024943140569102
categorical__customer_city_cerrito,0.10196336030061935,-0.10196336030061935
categorical__customer_city_diamante d'oeste,0.10167796666296716,-0.10167796666296716
categorical__product_category_name_cool_stuff,0.10130744882922019,-0.10130744882922019
categorical__seller_city_brusque,0.10128779181475651,0.10128779181475651
categorical__customer_city_pocao,0.10125085771432783,-0.10125085771432783
categorical__customer_city_hulha negra,0.10120000734662961,-0.10120000734662961
categorical__customer_city_cantagalo,0.10105333976212745,-0.10105333976212745
categorical__customer_city_inocencia,0.1008273821103034,-0.1008273821103034
categorical__customer_city_porto firme,0.10074272633284699,-0.10074272633284699
categorical__customer_city_cruzalia,0.10055397642570087,-0.10055397642570087
categorical__customer_city_comercinho,0.10050945183859139,-0.10050945183859139
categorical__customer_city_glorinha,0.10008144627393507,-0.10008144627393507
categorical__customer_city_ewbank da camara,0.10005535322738475,-0.10005535322738475
categorical__customer_city_bias fortes,0.10002512902873956,-0.10002512902873956
categorical__customer_city_manoel urbano,0.09991216620869926,-0.09991216620869926
categorical__customer_city_antunes,0.09989204534567464,-0.09989204534567464
categorical__customer_city_goiandira,0.09980780352253245,-0.09980780352253245
categorical__customer_city_sao geraldo da piedade,0.09975960303991697,-0.09975960303991697
categorical__seller_city_apucarana,0.09967309294708226,-0.09967309294708226
categorical__seller_city_francisco beltrao,0.09950629720920515,0.09950629720920515
categorical__customer_city_andrelandia,0.09908552232439838,-0.09908552232439838
categorical__customer_city_santo antonio do leste,0.09890271825708763,-0.09890271825708763
categorical__seller_city_paracambi,0.09864744800044119,-0.09864744800044119
categorical__customer_city_sao sebastiao do rio verde,0.09854789531623145,-0.09854789531623145
categorical__product_category_name_ferramentas_jardim,0.09850971906573867,0.09850971906573867
categorical__customer_city_novais,0.09843667458937636,-0.09843667458937636
numeric__freight_value,0.09840608326744313,-0.09840608326744313
categorical__customer_city_ponto do marambaia,0.09825934863452063,-0.09825934863452063
categorical__customer_city_santa maria do salto,0.09823224398203582,-0.09823224398203582
categorical__customer_city_capoeiras,0.09808675494373516,-0.09808675494373516
categorical__customer_city_clevelandia,0.09771791749901654,-0.09771791749901654
categorical__customer_city_rancho queimado,0.09755954322740808,-0.09755954322740808
categorical__customer_city_nacip raydan,0.0975467564032942,-0.0975467564032942
categorical__customer_city_demerval lobao,0.09719862553189951,-0.09719862553189951
categorical__customer_city_sao goncalo do rio preto,0.09717405911125711,-0.09717405911125711
categorical__customer_city_arapei,0.09716956834097891,-0.09716956834097891
categorical__customer_city_santa fe de minas,0.09714356938815173,-0.09714356938815173
categorical__customer_city_patis,0.09711640583743017,-0.09711640583743017
categorical__customer_city_vicentinopolis,0.09711339959501618,-0.09711339959501618
numeric__total_product_volume_cm3,0.09691738473063699,-0.09691738473063699
categorical__customer_city_salinas da margarida,0.09691410064994845,-0.09691410064994845
categorical__customer_city_montividiu do norte,0.09686061176069173,-0.09686061176069173
categorical__seller_city_campo mourao,0.09675454150017572,-0.09675454150017572
categorical__customer_city_santa rita do itueto,0.09672227886516624,-0.09672227886516624
categorical__customer_city_alto alegre do iguacu,0.09670808188741406,-0.09670808188741406
categorical__customer_city_echapora,0.09670148877828134,-0.09670148877828134
categorical__customer_city_bom jardim de goias,0.09663835655695477,-0.09663835655695477
categorical__customer_city_vicente dutra,0.09654191172218854,-0.09654191172218854
categorical__customer_city_ivora,0.09652997878672118,-0.09652997878672118
categorical__customer_city_ilha comprida,0.09636535294441412,-0.09636535294441412
categorical__customer_city_turvania,0.0961560067445773,-0.0961560067445773
categorical__customer_city_sulina,0.09614981351618929,-0.09614981351618929
categorical__customer_city_cristal,0.09604570459788357,-0.09604570459788357
categorical__customer_city_espigao alto do iguacu,0.09545706757718041,-0.09545706757718041
categorical__customer_city_rancho alegre,0.09531225344032684,-0.09531225344032684
categorical__seller_city_assis,0.09520647213814064,-0.09520647213814064
categorical__customer_city_berilo,0.09513575758451114,-0.09513575758451114
categorical__seller_city_ronda alta,0.09468828019056523,-0.09468828019056523
categorical__seller_city_botucatu,0.09458159666749297,-0.09458159666749297
categorical__customer_city_santa margarida,0.09455220266785892,-0.09455220266785892
categorical__customer_city_osvaldo kroeff,0.09454820362349894,-0.09454820362349894
categorical__customer_city_ilhota,0.0944723923282332,-0.0944723923282332
categorical__customer_city_ouvidor,0.09440823454567501,-0.09440823454567501
categorical__customer_city_esperanca,0.09417334010700343,-0.09417334010700343
categorical__customer_city_caxingo,0.09393851631649573,-0.09393851631649573
categorical__customer_city_passo fundo,0.0937455279674012,0.0937455279674012
categorical__customer_city_sao joao do triunfo,0.09373894695121551,-0.09373894695121551
categorical__customer_city_matriz de camaragibe,0.09360845961110975,-0.09360845961110975
categorical__seller_city_pato bragado,0.09326683913566512,-0.09326683913566512
categorical__customer_city_coroados,0.09315643272522704,-0.09315643272522704
categorical__customer_city_ametista do sul,0.09310153540817107,-0.09310153540817107
categorical__customer_city_colmeia,0.09304695499144904,-0.09304695499144904
categorical__customer_city_sinimbu,0.09301535799902644,-0.09301535799902644
categorical__customer_city_formiga,0.09283586016626619,-0.09283586016626619
categorical__customer_city_duere,0.09266502352903161,-0.09266502352903161
categorical__customer_city_quatituba,0.09135002795934052,-0.09135002795934052
categorical__customer_city_caico,0.09118625412890927,0.09118625412890927
categorical__customer_city_rondon,0.09115913035142052,-0.09115913035142052
categorical__customer_city_selbach,0.09109789382962385,-0.09109789382962385
categorical__product_category_name_esporte_lazer,0.09094685386066632,0.09094685386066632
categorical__customer_city_coqueiro baixo,0.09083233967102528,-0.09083233967102528
categorical__customer_city_botelho,0.09079641175367825,-0.09079641175367825
categorical__purchase_day_of_week_0,0.09051559474845562,-0.09051559474845562
categorical__customer_city_esmeralda,0.09051118668524831,-0.09051118668524831
categorical__customer_city_boqueirao do leao,0.09050066008738211,-0.09050066008738211
categorical__customer_city_goiabeira,0.0904096698855087,-0.0904096698855087
categorical__customer_city_porto alegre do norte,0.09039729686344389,-0.09039729686344389
numeric__product_length_cm,0.09034404240971437,0.09034404240971437
categorical__customer_city_morro agudo de goias,0.0902922878534295,-0.0902922878534295
categorical__freight_value_bucket_15-30,0.09021212543090194,-0.09021212543090194
categorical__customer_city_vitorinos,0.09010814650557425,-0.09010814650557425
categorical__customer_city_formigueiro,0.08997073494650457,-0.08997073494650457
categorical__customer_city_campo novo,0.08993239587175529,-0.08993239587175529
categorical__customer_city_sao jose do hortencio,0.08988534311173095,-0.08988534311173095
categorical__customer_city_alto alegre do maranhao,0.08969888990975654,-0.08969888990975654
categorical__customer_city_cassia dos coqueiros,0.08937702272586556,-0.08937702272586556
categorical__customer_city_nova guarita,0.08916802287744752,-0.08916802287744752
categorical__customer_city_grandes rios,0.0891282278865805,-0.0891282278865805
categorical__customer_city_sao miguel do gostoso,0.08905542309437554,-0.08905542309437554
categorical__customer_city_ministro andreazza,0.08882407771819166,-0.08882407771819166
categorical__customer_city_santo antonio,0.08870221432226472,-0.08870221432226472
categorical__customer_city_oleo,0.08866480746768146,-0.08866480746768146
categorical__customer_city_sao jose do piaui,0.08862263453875455,-0.08862263453875455
categorical__customer_city_corumbatai do sul,0.08857404051616534,-0.08857404051616534
categorical__customer_city_perpetuo socorro,0.08837982862945601,-0.08837982862945601
categorical__customer_city_praia norte,0.0883032793945446,-0.0883032793945446
categorical__customer_city_cuite velho,0.08793185909155425,-0.08793185909155425
categorical__customer_city_pranchita,0.08791721541379842,-0.08791721541379842
categorical__customer_city_mossoro,0.08781120180461038,0.08781120180461038
categorical__customer_city_novo cabrais,0.08769606891438986,-0.08769606891438986
categorical__customer_city_lagarto,0.08762833313375465,-0.08762833313375465
categorical__customer_city_buriti alegre,0.08730457537308883,-0.08730457537308883
categorical__customer_city_acegua,0.08710872765976076,-0.08710872765976076
categorical__customer_city_estrela velha,0.08701412185865277,-0.08701412185865277
categorical__customer_city_chorrocho,0.0867328708672229,-0.0867328708672229
categorical__customer_city_floreal,0.08671372672684581,-0.08671372672684581
categorical__customer_city_acajutiba,0.08659346033220093,-0.08659346033220093
categorical__customer_city_caxambu do sul,0.08637250083575197,-0.08637250083575197
categorical__product_category_name_eletrodomesticos,0.08630218081821912,0.08630218081821912
categorical__customer_city_mambai,0.08602212048178602,-0.08602212048178602
categorical__seller_city_santa catarina,0.0854744545315291,-0.0854744545315291
categorical__customer_city_cachoeiro de itapemirim,0.08517505159450663,-0.08517505159450663
categorical__customer_city_paulo frontin,0.08510576800842874,-0.08510576800842874
categorical__customer_city_macaparana,0.08478374498752407,-0.08478374498752407
categorical__customer_city_itinga,0.08469144870123901,-0.08469144870123901
categorical__customer_city_amapora,0.08468398753147838,-0.08468398753147838
categorical__customer_city_mogi das cruzes,0.08453889247494781,-0.08453889247494781
categorical__customer_city_buriti do tocantins,0.0842065082398691,-0.0842065082398691
categorical__customer_city_corrego danta,0.08401766800474542,-0.08401766800474542
categorical__customer_city_sapeacu,0.08393175283985621,-0.08393175283985621
categorical__customer_city_eugenio de castro,0.08357490426963636,-0.08357490426963636
categorical__customer_city_americo de campos,0.08335526524755968,-0.08335526524755968
categorical__seller_city_campinas,0.08331234362636475,0.08331234362636475
categorical__customer_city_parnamirim,0.08297616334486481,-0.08297616334486481
categorical__customer_city_paraibano,0.08296788684248631,-0.08296788684248631
categorical__seller_city_cataguases,0.08292166671346123,0.08292166671346123
categorical__customer_city_bom jesus do amparo,0.08250107629780858,-0.08250107629780858
categorical__customer_city_divino das laranjeiras,0.08240626345262096,-0.08240626345262096
categorical__customer_city_redencao da serra,0.08216553730907235,-0.08216553730907235
categorical__customer_city_ipiranga do sul,0.08206749228056297,-0.08206749228056297
categorical__seller_city_paraiso do sul,0.0820108239870159,-0.0820108239870159
categorical__customer_city_olaria,0.08200656779936692,-0.08200656779936692
categorical__customer_city_minduri,0.08163611234329243,-0.08163611234329243
categorical__customer_city_sao carlos do ivai,0.0812940835395455,-0.0812940835395455
categorical__customer_city_sao joao da urtiga,0.08123958249718646,-0.08123958249718646
categorical__customer_city_barra longa,0.08108639773021764,-0.08108639773021764
categorical__customer_city_limeira do oeste,0.08106549606513298,-0.08106549606513298
numeric__product_height_cm,0.08076821568734295,0.08076821568734295
categorical__customer_city_felixlandia,0.08071541414792094,-0.08071541414792094
categorical__seller_city_campo bom,0.080660421061413,0.080660421061413
categorical__customer_city_maquine,0.0804918877533853,-0.0804918877533853
categorical__customer_city_ajuricaba,0.08046068782944353,-0.08046068782944353
categorical__customer_city_uniao,0.08032758144439861,-0.08032758144439861
categorical__customer_city_santana da boa vista,0.0802714898852838,-0.0802714898852838
categorical__customer_city_ouro preto do oeste,0.08022186526997722,-0.08022186526997722
categorical__customer_city_capivari do sul,0.08010906741910556,-0.08010906741910556
categorical__customer_city_guatapara,0.08004607543670207,-0.08004607543670207
categorical__customer_city_queluz,0.08004588693833191,-0.08004588693833191
categorical__customer_city_riacho das almas,0.07959737642721865,-0.07959737642721865
categorical__customer_city_piratini,0.07958754192388756,-0.07958754192388756
categorical__customer_city_senhora dos remedios,0.07942451071358103,-0.07942451071358103
categorical__customer_city_cha grande,0.07929536713863405,-0.07929536713863405
categorical__customer_city_vitoria das missoes,0.07926442913039572,-0.07926442913039572
categorical__customer_city_constantina,0.07919133726890319,-0.07919133726890319
categorical__product_category_name_relogios_presentes,0.07918817171620206,0.07918817171620206
categorical__customer_city_ibiara,0.07911541499885476,-0.07911541499885476
categorical__customer_city_joacaba,0.0790938850464014,-0.0790938850464014
categorical__customer_city_pontes gestal,0.07899793625502126,-0.07899793625502126
categorical__customer_city_sao jorge do oeste,0.07889372605931275,-0.07889372605931275
categorical__seller_city_toledo,0.07872732695470902,-0.07872732695470902
categorical__seller_city_santa terezinha de goias,0.07870555077354129,-0.07870555077354129
categorical__customer_city_cotipora,0.07833882955500168,-0.07833882955500168
categorical__customer_city_duque de caxias,0.07802162456554326,-0.07802162456554326
categorical__customer_city_itagimirim,0.07796631683431628,-0.07796631683431628
categorical__customer_city_urucuia,0.07733451611743836,-0.07733451611743836
categorical__customer_city_cambara do sul,0.07731538012096419,-0.07731538012096419
categorical__customer_city_novo itacolomi,0.07728998974962557,-0.07728998974962557
categorical__customer_city_jaguaracu,0.07713025616547202,-0.07713025616547202
categorical__customer_city_jardim abc de goias,0.07685748598616474,-0.07685748598616474
categorical__customer_city_balbinos,0.07660410653905782,-0.07660410653905782
categorical__customer_city_passo de camaragibe,0.07659401284771608,-0.07659401284771608
categorical__customer_city_anaurilandia,0.07652054174306316,-0.07652054174306316
categorical__customer_city_barao de cotegipe,0.07650290412258509,-0.07650290412258509
categorical__customer_city_vitorino,0.07627143560756516,-0.07627143560756516
categorical__customer_city_ribeirao preto,0.07620961212669689,0.07620961212669689
numeric__total_product_weight_kg,0.07612355615171176,0.07612355615171176
numeric__total_product_weight_g,0.07612355615157178,0.07612355615157178
categorical__customer_city_sao pedro da uniao,0.07611425405610264,-0.07611425405610264
categorical__customer_city_nova mamore,0.07586960672508372,-0.07586960672508372
categorical__customer_city_sacra familia do tingua,0.07571032212032593,-0.07571032212032593
categorical__customer_city_britania,0.07568530441969422,-0.07568530441969422
categorical__customer_city_coronel macedo,0.07558918870225206,-0.07558918870225206
categorical__customer_city_itueta,0.07504905364403226,-0.07504905364403226
categorical__customer_city_bandeira do sul,0.07490365214699787,-0.07490365214699787
categorical__customer_city_reginopolis,0.07470571070206691,-0.07470571070206691
categorical__customer_city_liberato salzano,0.0744106411256471,-0.0744106411256471
categorical__customer_city_teixeira,0.07438999408809456,-0.07438999408809456
categorical__customer_city_candido godoi,0.07435779361091827,-0.07435779361091827
categorical__customer_city_riacho da cruz,0.07430559007215322,-0.07430559007215322
categorical__seller_city_salto,0.07429358717124455,0.07429358717124455
categorical__seller_city_parana,0.07417381185771166,-0.07417381185771166
categorical__customer_city_alexandrita,0.07409610123046591,-0.07409610123046591
categorical__customer_city_passa tempo,0.07407747350444487,-0.07407747350444487
categorical__customer_city_major porto,0.07407479637363314,-0.07407479637363314
categorical__customer_city_simao pereira,0.07368484064243425,-0.07368484064243425
categorical__customer_state_PE,0.0736455650116968,0.0736455650116968
categorical__customer_city_rio rufino,0.07357736410360835,-0.07357736410360835
categorical__customer_city_cavalcante,0.07355551681968138,-0.07355551681968138
categorical__seller_city_palotina,0.07338732763892546,-0.07338732763892546
categorical__product_category_name_utilidades_domesticas,0.0733619645931011,0.0733619645931011
categorical__customer_city_bela vista de minas,0.07325471320286069,-0.07325471320286069
categorical__customer_city_nova ipixuna,0.07268662785835926,-0.07268662785835926
categorical__customer_city_agisse,0.07268570653860675,-0.07268570653860675
categorical__customer_city_serra do salitre,0.07257858370563569,-0.07257858370563569
categorical__customer_city_nossa senhora das gracas,0.07223109451293819,-0.07223109451293819
categorical__customer_city_itaparica,0.0722249718026979,-0.0722249718026979
categorical__product_category_name_construcao_ferramentas_construcao,0.07198187208132963,-0.07198187208132963
categorical__seller_city_florianopolis,0.07170754550278499,-0.07170754550278499
categorical__customer_city_agua doce,0.07141538276607584,-0.07141538276607584
categorical__customer_city_riacho de santo antonio,0.07131893889801957,-0.07131893889801957
categorical__seller_city_sao miguel do oeste,0.07114745033210647,-0.07114745033210647
categorical__customer_city_pareci novo,0.0710630105893895,-0.0710630105893895
categorical__customer_city_aparecida do rio negro,0.0707203940892378,-0.0707203940892378
categorical__customer_city_magda,0.0702255981623996,-0.0702255981623996
categorical__customer_city_suzano,0.07009329400766963,0.07009329400766963
categorical__customer_city_icaraima,0.06942209741650851,-0.06942209741650851
categorical__customer_city_alexandria,0.06938980765276284,-0.06938980765276284
categorical__customer_city_quatro pontes,0.06924066137672792,-0.06924066137672792
categorical__customer_city_russas,0.06922503923636167,0.06922503923636167
categorical__customer_city_serrinha,0.06921637183644229,-0.06921637183644229
categorical__product_category_name_malas_acessorios,0.06918943181576134,0.06918943181576134
categorical__customer_city_pantano grande,0.06914254201591744,-0.06914254201591744
categorical__customer_city_serra de sao bento,0.0690340278200899,-0.0690340278200899
categorical__customer_city_mariopolis,0.06897673984370502,-0.06897673984370502
categorical__customer_city_jenipapo de minas,0.06893496948336177,-0.06893496948336177
categorical__customer_city_senador salgado filho,0.06880287140555519,-0.06880287140555519
categorical__customer_city_coimbra,0.06877574301922289,-0.06877574301922289
categorical__customer_city_cocalzinho de goias,0.06862627162329732,-0.06862627162329732
categorical__customer_city_pau d'arco,0.06811147988016851,-0.06811147988016851
categorical__customer_city_jaboticatubas,0.06803138824427793,-0.06803138824427793
categorical__seller_city_hortolandia,0.06794928417964469,0.06794928417964469
categorical__customer_city_santana do capivari,0.06779194873013798,-0.06779194873013798
categorical__customer_city_datas,0.06779048566033292,-0.06779048566033292
categorical__customer_city_joao monlevade,0.06752428729534055,0.06752428729534055
categorical__customer_city_vianopolis,0.06714776863847204,-0.06714776863847204
categorical__customer_city_nossa senhora do remedio,0.06688563647175085,-0.06688563647175085
categorical__customer_city_laranjal,0.06684710603479098,-0.06684710603479098
categorical__customer_city_vale do sol,0.06673697016904663,-0.06673697016904663
categorical__customer_city_taubate,0.06672610999788105,0.06672610999788105
categorical__customer_city_gramado xavier,0.06667278678189255,-0.06667278678189255
categorical__customer_city_bandeira,0.06648799760446653,-0.06648799760446653
categorical__customer_city_guaraquecaba,0.06643508939405063,-0.06643508939405063
categorical__customer_city_costa marques,0.06619332841293928,-0.06619332841293928
categorical__customer_city_campanario,0.0660821639183775,-0.0660821639183775
categorical__customer_city_tuiuti,0.06589410788793855,-0.06589410788793855
categorical__customer_city_miguel pereira,0.06584641414251846,0.06584641414251846
categorical__seller_city_horizontina,0.06573152199893419,-0.06573152199893419
categorical__customer_city_cantanhede,0.06524003960806503,-0.06524003960806503
categorical__customer_city_sao bentinho,0.0652370065109275,-0.0652370065109275
categorical__customer_city_medianeira,0.06494666852928489,0.06494666852928489
categorical__customer_city_ibarama,0.06457803297671003,-0.06457803297671003
categorical__seller_city_macae,0.06432363501688798,0.06432363501688798
categorical__customer_city_olhos d'agua,0.0641379803557948,-0.0641379803557948
categorical__customer_city_campo azul,0.06407863196891596,-0.06407863196891596
categorical__customer_city_guarapuava,0.06404283971144487,0.06404283971144487
categorical__customer_city_sao jorge do ivai,0.06395933196604438,-0.06395933196604438
categorical__customer_city_londrina,0.06394689627947574,-0.06394689627947574
categorical__customer_city_ribeirao do sul,0.06394096392676235,-0.06394096392676235
categorical__customer_city_sao sebastiao da serra,0.06385946266990702,-0.06385946266990702
categorical__customer_city_tangara,0.06372096479125361,-0.06372096479125361
categorical__seller_city_janauba,0.06372096479125361,-0.06372096479125361
categorical__customer_city_urucurituba,0.063556587426365,-0.063556587426365
categorical__customer_city_florida,0.06311140732303464,-0.06311140732303464
categorical__customer_city_anage,0.0627605085970794,-0.0627605085970794
numeric__product_volume_cm3,0.06263366561459625,0.06263366561459625
categorical__customer_city_rio de janeiro,0.06254432454378234,-0.06254432454378234
categorical__customer_city_nossa senhora do o,0.06252167533631527,-0.06252167533631527
categorical__seller_city_guaimbe,0.06245418857121278,-0.06245418857121278
categorical__customer_city_sao lourenco do piaui,0.06210592455271128,-0.06210592455271128
categorical__customer_city_vanini,0.06202555776352852,-0.06202555776352852
categorical__customer_city_sao caetano do sul,0.06178547911538185,0.06178547911538185
categorical__customer_city_sao francisco do guapore,0.061309823906704274,-0.061309823906704274
categorical__customer_city_gaucha do norte,0.060686660791571194,-0.060686660791571194
categorical__product_category_name_fashion_roupa_feminina,0.06022568955384535,0.06022568955384535
categorical__customer_city_monte bonito,0.060106085392898544,-0.060106085392898544
categorical__customer_city_alto piquiri,0.059895125452922846,-0.059895125452922846
categorical__customer_city_fernandopolis,0.05987153716284037,-0.05987153716284037
categorical__seller_city_vitoria de santo antao,0.05974059731443923,-0.05974059731443923
categorical__customer_city_delfinopolis,0.0594262469308772,-0.0594262469308772
categorical__customer_city_pingo-d'agua,0.05893371161769058,-0.05893371161769058
categorical__product_category_name_eletrodomesticos_2,0.05873145596329861,-0.05873145596329861
categorical__product_category_name_casa_conforto_2,0.05871176225169136,0.05871176225169136
categorical__customer_city_aparecida de monte alto,0.05864597890541889,-0.05864597890541889
categorical__customer_city_florinia,0.058582039459569094,-0.058582039459569094
categorical__customer_city_frei gaspar,0.05837190216916057,-0.05837190216916057
categorical__customer_city_miraguai,0.05811608618899827,-0.05811608618899827
categorical__customer_city_uirauna,0.05779603819048661,-0.05779603819048661
categorical__customer_city_vista alegre,0.057745982076498566,-0.057745982076498566
categorical__customer_city_candeias do jamari,0.05771520378317123,-0.05771520378317123
categorical__seller_city_itapetininga,0.05750863886572414,-0.05750863886572414
categorical__seller_city_umuarama,0.05737043932804334,-0.05737043932804334
categorical__customer_city_moeda,0.057343198430805035,-0.057343198430805035
categorical__customer_city_general maynard,0.05718500308013579,-0.05718500308013579
categorical__customer_city_rio grande da serra,0.05714291842794484,0.05714291842794484
categorical__customer_city_rubiacea,0.05701522970553211,-0.05701522970553211
categorical__customer_city_dezesseis de novembro,0.05691295929395115,-0.05691295929395115
categorical__customer_city_coronel domingos soares,0.05649451539397715,-0.05649451539397715
categorical__customer_city_cerro grande,0.05636766782228217,-0.05636766782228217
categorical__customer_city_grupiara,0.055381721658574724,-0.055381721658574724
categorical__customer_city_reserva do iguacu,0.054897592897039015,-0.054897592897039015
categorical__customer_city_quadra,0.054884788699058544,-0.054884788699058544
categorical__customer_city_itabaiana,0.05479041624418339,-0.05479041624418339
categorical__customer_city_campo florido,0.054608460402545536,-0.054608460402545536
categorical__customer_city_caputira,0.05444653691333635,-0.05444653691333635
categorical__customer_city_salvador do sul,0.05438174550061572,-0.05438174550061572
numeric__avg_price,0.05427878698677547,0.05427878698677547
numeric__price_per_item,0.05427878698677544,0.05427878698677544
categorical__customer_city_bonito de minas,0.0542060814561378,-0.0542060814561378
categorical__customer_city_rancho alegre d'oeste,0.054085198723465046,-0.054085198723465046
categorical__customer_city_ibipeba,0.05401122986244723,-0.05401122986244723
categorical__customer_city_ananas,0.05399697952575076,-0.05399697952575076
categorical__seller_city_xaxim,0.05389942521999755,-0.05389942521999755
categorical__freight_value_bucket_30-60,0.0538373736757094,-0.0538373736757094
categorical__customer_city_caldas brandao,0.05368171402378931,-0.05368171402378931
categorical__customer_city_moema,0.053423887976123435,-0.053423887976123435
categorical__customer_city_buique,0.0532352178094516,-0.0532352178094516
categorical__customer_city_morro redondo,0.053059699595840386,-0.053059699595840386
categorical__customer_city_jandira,0.0528830749995828,0.0528830749995828
categorical__seller_city_nova friburgo,0.05275344247180515,-0.05275344247180515
categorical__customer_city_general camara,0.05246782667072343,-0.05246782667072343
categorical__customer_city_nova esperanca do sul,0.05214929218755952,-0.05214929218755952
categorical__customer_city_mutum parana,0.05206035174660716,-0.05206035174660716
categorical__customer_city_progresso,0.05174619658264551,-0.05174619658264551
categorical__customer_city_bom retiro,0.05151995912333521,-0.05151995912333521
categorical__customer_city_dona francisca,0.051149994531760175,-0.051149994531760175
categorical__customer_city_tabuleiro,0.0511470366563647,-0.0511470366563647
categorical__customer_city_boa esperanca do iguacu,0.050639742006464886,-0.050639742006464886
categorical__customer_city_ubata,0.04990586435444755,-0.04990586435444755
categorical__seller_city_marialva,0.04981702116773102,-0.04981702116773102
categorical__customer_city_barros cassal,0.0497676262914709,-0.0497676262914709
categorical__customer_city_magalhaes de almeida,0.04963174301680917,-0.04963174301680917
categorical__customer_city_rinopolis,0.04930973918772995,-0.04930973918772995
categorical__customer_city_moncoes,0.04930425981057357,-0.04930425981057357
categorical__customer_city_travesseiro,0.049155193608719915,-0.049155193608719915
categorical__seller_city_pouso alegre,0.049026265799518076,-0.049026265799518076
categorical__customer_city_santo hipolito,0.04898885406780145,-0.04898885406780145
categorical__customer_city_brejo bonito,0.04895402810070064,-0.04895402810070064
numeric__product_weight_g,0.048381254488152135,-0.048381254488152135
numeric__product_weight_kg,0.04838125448771066,-0.04838125448771066
categorical__customer_city_jardim olinda,0.048162057960744666,-0.048162057960744666
categorical__customer_city_santana do ipanema,0.047705900496133734,-0.047705900496133734
categorical__customer_city_lindolfo collor,0.0474711792648689,-0.0474711792648689
categorical__seller_city_sao roque,0.047431328754259074,0.047431328754259074
categorical__seller_city_irece,0.04735528246805265,-0.04735528246805265
categorical__seller_city_sao bernardo do campo,0.047338975072566306,0.047338975072566306
numeric__product_count,0.04720149171550214,-0.04720149171550214
categorical__seller_city_paraiba do sul,0.04715216693955855,-0.04715216693955855
categorical__customer_city_mossamedes,0.04682048865259839,-0.04682048865259839
categorical__customer_city_brumado,0.046412503075415744,0.046412503075415744
categorical__customer_city_ubirajara,0.04637030937782551,-0.04637030937782551
categorical__seller_city_divinopolis,0.04593721054783417,0.04593721054783417
categorical__customer_city_nova brasilandia d'oeste,0.045889533189173666,-0.045889533189173666
categorical__customer_city_maribondo,0.04584959445006064,-0.04584959445006064
categorical__product_category_name_bebidas,0.045735827852369626,-0.045735827852369626
categorical__customer_city_serrolandia,0.04567172335129381,-0.04567172335129381
categorical__customer_city_palmares paulista,0.04559954225058282,-0.04559954225058282
categorical__seller_city_erechim,0.0455941791821741,-0.0455941791821741
categorical__customer_city_aracitaba,0.045517443791634714,-0.045517443791634714
categorical__customer_city_sao mateus,0.04531554196434472,-0.04531554196434472
categorical__customer_city_morro grande,0.045019473743881905,-0.045019473743881905
categorical__customer_city_imperatriz,0.04498882755897299,-0.04498882755897299
categorical__customer_city_barra do rio azul,0.04466030672203133,-0.04466030672203133
categorical__seller_city_tres coroas,0.04447814243014391,-0.04447814243014391
categorical__seller_city_condor,0.04429273198971139,-0.04429273198971139
categorical__customer_city_tiradentes do sul,0.04411079025791604,-0.04411079025791604
categorical__customer_city_mimoso do sul,0.0424633427236745,0.0424633427236745
categorical__seller_city_canoinhas,0.0421082691034252,-0.0421082691034252
categorical__customer_city_picada cafe,0.04167935662388059,-0.04167935662388059
categorical__seller_city_ribeirao pretp,0.04153041675695441,-0.04153041675695441
categorical__customer_city_guarapua,0.041430905316525345,-0.041430905316525345
categorical__customer_city_rio dos cedros,0.040997924299474464,-0.040997924299474464
categorical__customer_city_santo expedito do sul,0.04087142226757593,-0.04087142226757593
categorical__customer_city_rio grande do piaui,0.040867403303381594,-0.040867403303381594
categorical__customer_city_panelas,0.04047661088523754,-0.04047661088523754
categorical__customer_city_osasco,0.04017773311296562,0.04017773311296562
categorical__customer_city_conceicao das alagoas,0.039853194151317675,-0.039853194151317675
categorical__customer_city_peritiba,0.039750589521650975,-0.039750589521650975
categorical__customer_city_padre carvalho,0.03956870618503812,-0.03956870618503812
categorical__customer_city_juazeiro do norte,0.03948808503234958,-0.03948808503234958
categorical__customer_city_itapeva,0.039140248757702494,0.039140248757702494
categorical__customer_city_ipe,0.03894318176267335,-0.03894318176267335
categorical__customer_city_acari,0.03890034016187689,-0.03890034016187689
categorical__customer_city_arenopolis,0.03866667949375883,-0.03866667949375883
categorical__customer_city_janiopolis,0.03828000766950993,-0.03828000766950993
categorical__customer_city_candoi,0.03773960928536388,-0.03773960928536388
categorical__customer_city_piau,0.037639580018290535,-0.037639580018290535
categorical__customer_city_sao joao da boa vista,0.03726858685986904,0.03726858685986904
categorical__customer_city_sao pedro do turvo,0.03721389435605701,-0.03721389435605701
categorical__seller_city_braganca paulista,0.03720437926214246,0.03720437926214246
categorical__customer_city_ibateguara,0.03677661432348087,-0.03677661432348087
categorical__customer_city_casimiro de abreu,0.03667244852363854,0.03667244852363854
categorical__customer_city_xavantina,0.03657043367976623,-0.03657043367976623
categorical__seller_city_armacao dos buzios,0.03630497887567437,-0.03630497887567437
numeric__price,0.035182803238700246,-0.035182803238700246
categorical__customer_city_brumadinho,0.03451163796494908,0.03451163796494908
categorical__customer_city_guiricema,0.03386021847659602,-0.03386021847659602
categorical__customer_city_pauliceia,0.033152529288081614,-0.033152529288081614
categorical__customer_city_sao domingos das dores,0.03310334272067936,-0.03310334272067936
numeric__avg_freight_value,0.03305482163238573,0.03305482163238573
numeric__freight_per_item,0.03305482163238569,0.03305482163238569
categorical__customer_city_jampruca,0.032620055765429555,-0.032620055765429555
categorical__customer_city_mandaguacu,0.0324123536508928,-0.0324123536508928
categorical__customer_city_alto alegre do pindare,0.0323247997880198,-0.0323247997880198
categorical__purchase_day_of_week_4,0.03221245645487068,0.03221245645487068
categorical__customer_city_faxinalzinho,0.03165235820355814,-0.03165235820355814
numeric__product_width_cm,0.031473005404238,-0.031473005404238
categorical__customer_city_carapicuiba,0.031454631260377966,-0.031454631260377966
numeric__seller_customer_same_city,0.03142450272703957,-0.03142450272703957
categorical__customer_city_urupa,0.03107637189357544,-0.03107637189357544
categorical__seller_city_campo limpo paulista,0.03100199408776086,-0.03100199408776086
categorical__customer_city_porto amazonas,0.030264137742992553,-0.030264137742992553
categorical__customer_city_sertao santana,0.029959622064474785,-0.029959622064474785
categorical__customer_city_mato rico,0.02986964811339768,-0.02986964811339768
categorical__customer_city_morro vermelho,0.029719858930726192,-0.029719858930726192
categorical__customer_city_anhembi,0.02910519427757257,-0.02910519427757257
categorical__customer_city_mirante da serra,0.028951680047491487,-0.028951680047491487
categorical__product_category_name_fashion_roupa_masculina,0.02885183760909319,0.02885183760909319
numeric__is_weekend_order,0.028543110478391812,-0.028543110478391812
categorical__seller_city_itapui,0.02851609043635298,-0.02851609043635298
categorical__customer_city_novo barreiro,0.027731578797127215,-0.027731578797127215
categorical__customer_city_coari,0.027389317331553246,-0.027389317331553246
categorical__seller_city_sapiranga,0.026942244807785447,-0.026942244807785447
categorical__customer_city_nazareno,0.0269276805543475,-0.0269276805543475
categorical__customer_city_gramado dos loureiros,0.026924001205587574,-0.026924001205587574
categorical__customer_city_fortaleza dos valos,0.02681636125684542,-0.02681636125684542
categorical__seller_city_aguas claras df,0.02651258090715161,-0.02651258090715161
categorical__customer_city_pontao,0.026460825700660346,-0.026460825700660346
categorical__customer_city_cacaulandia,0.02639346000723147,-0.02639346000723147
categorical__customer_city_uberlandia,0.025771549355474856,0.025771549355474856
categorical__customer_city_nova crixas,0.02562882572239923,-0.02562882572239923
categorical__customer_city_alto garcas,0.025123493538457425,-0.025123493538457425
categorical__seller_city_mirandopolis,0.025027367568862598,0.025027367568862598
categorical__customer_city_lucianopolis,0.024818218118776977,-0.024818218118776977
categorical__customer_city_desterro do melo,0.02462701599276115,-0.02462701599276115
categorical__customer_city_bom jesus do sul,0.024560931704541437,-0.024560931704541437
categorical__customer_city_monte alto,0.0242271961463369,0.0242271961463369
categorical__customer_city_ciriaco,0.023906713804238335,-0.023906713804238335
categorical__customer_city_buriti,0.02389108299339264,-0.02389108299339264
categorical__customer_city_bugre,0.023884813643900778,-0.023884813643900778
categorical__customer_city_crucilandia,0.02385929781188364,-0.02385929781188364
categorical__customer_city_barra do jacare,0.02380137709559221,-0.02380137709559221
categorical__customer_city_vargem grande paulista,0.023533531319955513,-0.023533531319955513
categorical__customer_city_luziania,0.02351957899889728,0.02351957899889728
categorical__customer_city_campestre da serra,0.022964270469738396,-0.022964270469738396
categorical__customer_city_pardinho,0.022920016585231733,-0.022920016585231733
categorical__seller_city_barretos,0.02214747980151993,-0.02214747980151993
categorical__seller_city_vicente de carvalho,0.02193785229354072,0.02193785229354072
categorical__seller_city_andradas,0.021742871655250087,-0.021742871655250087
categorical__customer_city_capao da porteira,0.021629636693192535,-0.021629636693192535
categorical__customer_city_piuma,0.02159465897805589,0.02159465897805589
categorical__customer_city_candeias,0.021406458790349137,-0.021406458790349137
categorical__seller_city_prados,0.02106054072978364,-0.02106054072978364
categorical__customer_city_saquarema,0.02079534996980906,-0.02079534996980906
categorical__customer_city_dom joaquim,0.02045438740102186,-0.02045438740102186
categorical__customer_city_pouso novo,0.02012218841489395,-0.02012218841489395
categorical__customer_city_nova laranjeiras,0.02006439001578041,-0.02006439001578041
categorical__customer_city_onda verde,0.01953455922754803,-0.01953455922754803
categorical__customer_city_cachoeira da prata,0.01938386954348026,-0.01938386954348026
categorical__seller_city_formosa,0.018505855961451805,-0.018505855961451805
categorical__customer_city_bandeirantes d'oeste,0.018447089997579023,-0.018447089997579023
categorical__customer_city_fontoura xavier,0.01796366418262262,-0.01796366418262262
categorical__purchase_day_of_week_5,0.017051279310208646,0.017051279310208646
categorical__customer_city_ipatinga,0.01680488114744384,-0.01680488114744384
categorical__customer_city_dom cavati,0.015594124614089969,-0.015594124614089969
categorical__seller_city_carapicuiba / sao paulo,0.01528912385036347,-0.01528912385036347
categorical__customer_city_aperibe,0.014967554923189129,-0.014967554923189129
categorical__customer_city_florai,0.014405110642877465,-0.014405110642877465
categorical__customer_city_sao bento,0.01393157544300904,0.01393157544300904
categorical__seller_city_imigrante,0.0138247593270846,-0.0138247593270846
categorical__customer_city_boa vista das missoes,0.013648897117700126,-0.013648897117700126
categorical__customer_city_sao miguel do oeste,0.012554049136306417,-0.012554049136306417
categorical__customer_city_zortea,0.01241205061872164,-0.01241205061872164
categorical__customer_city_pocoes de paineiras,0.012228992510354272,-0.012228992510354272
categorical__customer_city_palminopolis,0.011401208947517618,-0.011401208947517618
categorical__customer_city_nossa senhora da gloria,0.011348210282292118,-0.011348210282292118
categorical__customer_city_sao miguel do anta,0.011168235343230538,-0.011168235343230538
categorical__customer_city_mariano moro,0.010394436296484282,-0.010394436296484282
categorical__customer_city_macaubal,0.009696786252286533,-0.009696786252286533
categorical__customer_city_azurita,0.009640403659423268,-0.009640403659423268
numeric__item_count,0.009367575033169769,-0.009367575033169769
categorical__customer_city_conceicao dos ouros,0.009328447167312301,-0.009328447167312301
categorical__seller_city_bom jesus dos perdoes,0.009291921290711706,-0.009291921290711706
categorical__customer_city_mutunopolis,0.008661086522858418,-0.008661086522858418
categorical__customer_city_rio bonito,0.008611530010670368,0.008611530010670368
categorical__customer_city_capim branco,0.00845852071021829,-0.00845852071021829
categorical__seller_city_bage,0.008013351043366332,-0.008013351043366332
categorical__product_category_name_cine_foto,0.007938738585787653,0.007938738585787653
categorical__customer_city_itamira,0.007816263606105545,-0.007816263606105545
categorical__seller_city_ilicinea,0.007580779598003117,-0.007580779598003117
categorical__customer_city_teresopolis,0.007512800316363248,0.007512800316363248
categorical__seller_city_santos,0.007493764396373536,-0.007493764396373536
categorical__customer_city_sao patricio,0.007489260406032017,-0.007489260406032017
categorical__customer_city_conselheiro mairinck,0.007373853061918613,-0.007373853061918613
categorical__customer_city_morro da garca,0.007360466391257082,-0.007360466391257082
categorical__customer_city_colonia castrolanda,0.007311338300126221,-0.007311338300126221
categorical__customer_city_palmeira d oeste,0.007174398176985139,-0.007174398176985139
categorical__customer_city_galia,0.007108838324573158,-0.007108838324573158
categorical__customer_city_alvorada d'oeste,0.006826423344811384,-0.006826423344811384
categorical__customer_city_delfim moreira,0.0068217623295263406,-0.0068217623295263406
categorical__product_category_name_moveis_sala,0.0067365277203715965,-0.0067365277203715965
numeric__purchase_hour,0.0066603374767191135,0.0066603374767191135
categorical__customer_city_promissao,0.0066223233592057435,0.0066223233592057435
categorical__seller_city_resende,0.006538182113691868,-0.006538182113691868
categorical__customer_city_sao jose do divino,0.006083971923112842,-0.006083971923112842
categorical__seller_city_santo antonio da patrulha,0.005694075718229646,-0.005694075718229646
categorical__customer_city_correntes,0.005385936999988381,-0.005385936999988381
categorical__customer_city_capitao eneas,0.005041033317740991,-0.005041033317740991
numeric__product_category_count,0.005023386222033453,0.005023386222033453
categorical__customer_city_boca da mata,0.004903877016363054,-0.004903877016363054
categorical__seller_city_guaratingueta,0.0036852997856632345,-0.0036852997856632345
categorical__customer_city_sete de setembro,0.0036330737978306498,-0.0036330737978306498
categorical__customer_city_cruzeiro da fortaleza,0.0035727803262083826,-0.0035727803262083826
categorical__customer_city_petropolis,0.00354467231724816,0.00354467231724816
categorical__customer_city_cachoeira do sul,0.003315096556762245,0.003315096556762245
categorical__seller_city_santo antonio de padua,0.002996194000274642,0.002996194000274642
categorical__seller_state_MS,0.0028119475322322496,0.0028119475322322496
categorical__customer_city_parati,0.002087225418328886,0.002087225418328886
categorical__customer_city_teixeira soares,0.0013873330214840382,-0.0013873330214840382
numeric__seller_customer_same_zip_prefix,0.0013684580561043513,0.0013684580561043513
categorical__seller_city_santa barbara d oeste,0.001010980783903867,-0.001010980783903867
categorical__customer_city_portalegre,7.648865412883517e-05,-7.648865412883517e-05
